config,seed,fold,n_train,n_test,val_equals_test,best_epoch,best_val_acc,test_acc,legacy_hard_auc,balanced_acc,asd_probability_auc,asd_f1,asd_sensitivity,nc_specificity,alignment_pos_cos,alignment_neg_cos,alignment_cos_gap,alignment_R1,alignment_CMMD,final_stepA_cls_loss,final_align_loss,final_align_nce,final_align_cmmd,base_init_sha256,split_sha256,epochs_run,runtime_sec,legacy_early_abort,align_mode,align_lambda,align_temperature,align_warmup
L0_legacy_baseline,0,1,783,88,True,88,0.9090909090909092,0.9090909090909091,0.9039958484691228,0.903995848469123,0.9122989102231447,0.8947368421052632,0.8292682926829268,0.9787234042553191,-0.0041717588901519775,-0.02099696360528469,0.016825204715132713,0.014204546809196472,0.39021801948547363,0.30228352546691895,0.0,0.0,0.0,c60365b9e5aa732d64d224424ee116c664a8683779ded1b8fbfa4d2fc9f1c228,1a925608c65cceb0cd26d690493b8b1a683de6175dbcd0a8ecf2f89173df023e,140,10.089293956756592,False,none,0.0,0.1,20
L0_legacy_baseline,0,2,784,87,True,127,0.896551724137931,0.896551724137931,0.8915694591728527,0.8915694591728527,0.9156945917285261,0.8800000000000001,0.8048780487804879,0.9782608695652174,0.268923819065094,0.10784363746643066,0.16108018159866333,0.01819923333823681,0.3126455545425415,0.1779870241880417,0.0,0.0,0.0,ea86be937021d5dbff5fad1119f47e810901510bf5c4a8e4acaf82a623dc2fa4,8ea0a70934361c240ff48a73b1c4db954428dec7be773115b47da48fdb0fa1d0,179,7.7007811069488525,False,none,0.0,0.1,20
L0_legacy_baseline,0,3,784,87,True,98,0.8505747126436781,0.8505747126436781,0.8494167550371156,0.8494167550371156,0.8992576882290562,0.8395061728395061,0.8292682926829268,0.8695652173913043,0.08959762752056122,0.04582573473453522,0.043771892786026,0.015325671061873436,0.3865644931793213,0.2495359629392624,0.0,0.0,0.0,94c7a4a645e55289561f2173c2400f037940d7ba610acaabe8d6c05e223f16ef,92faa746efcf786cbf8cfc58994d5d263829c7a6fbdbee10ad2c155aaf2d3c03,150,6.43848991394043,False,none,0.0,0.1,20
L0_legacy_baseline,0,4,784,87,True,159,0.9540229885057471,0.9540229885057471,0.9537234042553192,0.9537234042553191,0.9691489361702128,0.9500000000000001,0.95,0.9574468085106383,0.3236422538757324,0.11169204115867615,0.21195021271705627,0.024904217571020126,0.3667581081390381,0.15078312158584595,0.0,0.0,0.0,336becad43c0071d81fe302ba41679ac4e3759afb09584556ed1cd5f1dce3c20,5a07fe923a02fe226d1ac5fdff112db19c201199ce22e15f12dfab5790858796,211,8.818683624267578,False,none,0.0,0.1,20
L0_legacy_baseline,0,5,784,87,True,97,0.9425287356321839,0.9425287356321839,0.9412234042553194,0.9412234042553191,0.9787234042553191,0.9367088607594937,0.925,0.9574468085106383,0.0846356451511383,0.06337639689445496,0.02125924825668335,0.01628352515399456,0.42188307642936707,0.2486436665058136,0.0,0.0,0.0,f4df433c4957e020b963b2ff9ef0b8b35cb287288239ab0238ae274a44dd5b18,16b6cbb2b8207e6d82d57722b31f8cd3320d26fce42a6ca978b68a7ddc1e6deb,149,6.179479122161865,False,none,0.0,0.1,20
L0_legacy_baseline,0,6,784,87,True,123,0.9540229885057471,0.9540229885057471,0.9537234042553192,0.9537234042553191,0.9537234042553191,0.9500000000000001,0.95,0.9574468085106383,0.11254838109016418,0.03706931695342064,0.07547906041145325,0.015325671061873436,0.3545512557029724,0.11821603775024414,0.0,0.0,0.0,15faeca47df3d0c9d692c4244abc50e4db9a468561d49a0a7ded7ae0a9e94531,2b06492592afb3331156600cf3db1005589442f3de788943dcb8d105b6db8a55,175,7.260896444320679,False,none,0.0,0.1,20
L0_legacy_baseline,0,7,784,87,True,155,0.9885057471264368,0.9885057471264368,0.9893617021276595,0.9893617021276595,0.9835106382978723,0.9876543209876543,1.0,0.9787234042553191,0.32755008339881897,0.10805046558380127,0.2194996178150177,0.017241381108760834,0.3738141655921936,0.11795682460069656,0.0,0.0,0.0,29ef1786189c574565b965be64946dd3fd2847e6e775b88f678cb17e489c276a,2f708a61049cc2a22d0b4042af6eb666518c7bd5ea15013d4c8fb87ea483e9ae,207,8.4370858669281,False,none,0.0,0.1,20
L0_legacy_baseline,0,8,784,87,True,145,0.9655172413793103,0.9655172413793104,0.9662234042553193,0.9662234042553192,0.9792553191489362,0.9629629629629629,0.975,0.9574468085106383,0.20046961307525635,0.032452262938022614,0.16801735758781433,0.02107279747724533,0.37983769178390503,0.11640548706054688,0.0,0.0,0.0,4c6dafb774574fd0c01ef3c93b9401ca28e41fd182d3a1a99207b75e7423898c,87edc150caa6b77f77024219dda5344452e5f4a8d209a6e99903971ffa1f47ea,197,7.96398138999939,False,none,0.0,0.1,20
L0_legacy_baseline,0,9,784,87,True,54,0.7126436781609196,0.7126436781609196,0.7135638297872341,0.713563829787234,0.7303191489361702,0.6987951807228916,0.725,0.7021276595744681,0.061658382415771484,0.019692683592438698,0.041965700685977936,0.0277777798473835,0.2180190533399582,0.6622544527053833,0.0,0.0,0.0,b971195c2eba4db383faaf20dc8001f138cee30d879719264883a2902cf4855a,df74d15d6d940284410afbdacf0863f7daa34b5075c93f00692a4f5f68b52e67,106,4.320202589035034,False,none,0.0,0.1,20
L0_legacy_baseline,0,10,784,87,True,80,0.7586206896551724,0.7586206896551724,0.7542553191489362,0.7542553191489361,0.776595744680851,0.7272727272727273,0.7,0.8085106382978723,0.05453985184431076,0.0296984501183033,0.02484140172600746,0.019157089293003082,0.35638123750686646,0.34879276156425476,0.0,0.0,0.0,502f72c97ce02f3b2b01fcaaaa96d7f34afed62594105becb8dfed99313d626b,84eca923ae0cf1544c6dd86025acbf3397b057760f41efa2455d70d8911d5b84,132,5.348361015319824,False,none,0.0,0.1,20
L0_legacy_baseline,1,1,783,88,True,145,0.8863636363636364,0.8863636363636364,0.8858329008822003,0.8858329008822003,0.9496626881162429,0.8780487804878049,0.8780487804878049,0.8936170212765957,0.1972018927335739,0.006429198198020458,0.19077269732952118,0.017992425709962845,0.4028562903404236,0.1247674748301506,0.0,0.0,0.0,1c6ba9571799783c7bb3c9d7839fa0135d1736c68424eff1e4232c4585d8ed11,18c40831903c6a8ca0a02048bd2d726f2f6db1220b8aaad1093f4b1558f06411,197,12.338449716567993,False,none,0.0,0.1,20
L0_legacy_baseline,1,2,784,87,True,118,0.9540229885057471,0.9540229885057471,0.9551961823966066,0.9551961823966066,0.9618239660657476,0.9523809523809524,0.975609756097561,0.9347826086956522,0.08293133974075317,0.023164503276348114,0.05976683646440506,0.01628352515399456,0.38801753520965576,0.17425374686717987,0.0,0.0,0.0,53644a2c289b1d088ffcdfb35aaee0dcab5439bc778b95a7c16822641ebd6fef,acf61f7ad321f523c46a5fe0833a4a5ddb857afcb8da732d93b690f843b4f806,170,7.305924892425537,False,none,0.0,0.1,20
L0_legacy_baseline,1,3,784,87,True,88,0.8505747126436781,0.8505747126436781,0.8507423117709438,0.8507423117709438,0.8610816542948039,0.8433734939759037,0.8536585365853658,0.8478260869565217,0.14106862246990204,0.11817927658557892,0.02288934588432312,0.02107279747724533,0.3356729745864868,0.26296836137771606,0.0,0.0,0.0,99be0162eb04971a2b6accd5b2482c0b612c2887dc1d2b1844bf154c9f4535b8,5708af9a6ea16fd14b769a9c53a827476bfdc138b9eedf54bcc3c2aa9061f27c,140,6.006178617477417,False,none,0.0,0.1,20
L0_legacy_baseline,1,4,784,87,True,130,0.8850574712643678,0.8850574712643678,0.8843085106382979,0.8843085106382979,0.9042553191489362,0.875,0.875,0.8936170212765957,0.10728096961975098,0.027839405462145805,0.07944156229496002,0.025862067937850952,0.4236378073692322,0.18491390347480774,0.0,0.0,0.0,f63172e02e61846ac7093f9177061bd8a9cec2f9136e68d8d3f1ba9ada0424de,5b9d488a61246c440717be4d3d1956b5e5c5f5376a061fbde4d92490e39e11af,182,7.701096534729004,False,none,0.0,0.1,20
L0_legacy_baseline,1,5,784,87,True,117,0.9195402298850575,0.9195402298850575,0.9199468085106383,0.9199468085106384,0.9659574468085107,0.9135802469135802,0.925,0.9148936170212766,0.14430508017539978,0.10981040447950363,0.03449467569589615,0.014367816969752312,0.3583056628704071,0.14235541224479675,0.0,0.0,0.0,7c78dd8048bb9d33b97dd25a5ca2a3e10744089ff3cd78fac68be039920516fa,68683b4da1c3b426933101c9e45c81909c71cf3818e21f1f94a7dc362651ca03,169,7.056829452514648,False,none,0.0,0.1,20
L0_legacy_baseline,1,6,784,87,True,116,0.8620689655172413,0.8620689655172413,0.8537234042553192,0.8537234042553192,0.8367021276595744,0.8333333333333334,0.75,0.9574468085106383,0.16783034801483154,0.058656882494688034,0.10917346179485321,0.019157089293003082,0.34827861189842224,0.17090660333633423,0.0,0.0,0.0,b6bd929090d015fac977362513b0d1e7626eddb6d27bca5c82d8032afdfabde6,2cf027c95e34fbd32cd432271bc79e5c869a6cf1809a1294cfefd47fd1cc5eed,168,6.9954540729522705,False,none,0.0,0.1,20
L0_legacy_baseline,1,7,784,87,True,131,0.9080459770114943,0.9080459770114943,0.9074468085106382,0.9074468085106383,0.9398936170212766,0.9,0.9,0.9148936170212766,0.26892659068107605,0.1209242194890976,0.14800237119197845,0.023946359753608704,0.3223910629749298,0.22953678667545319,0.0,0.0,0.0,5980ce7efb0f47a960b3154bcf30ec354ebe0ed3b1f6b2f4a3216d284f29d396,a5f116f3e7c38597f5127b8dee6ca4f71a00c55f880a2601e29afe3da125f360,183,7.55923867225647,False,none,0.0,0.1,20
L0_legacy_baseline,1,8,784,87,True,113,0.9195402298850575,0.9195402298850575,0.9162234042553192,0.9162234042553192,0.9398936170212766,0.9090909090909091,0.875,0.9574468085106383,0.08676061034202576,0.027721822261810303,0.059038788080215454,0.018199235200881958,0.36488422751426697,0.15225785970687866,0.0,0.0,0.0,ad934d64129477a3e18bfa2ba6636f86d062d65875599b43935c87de5d59ac91,e1527be29219b3f502270fb5fe4500fb69ffef3bf239b55cf2572b7895bbab85,165,6.760092496871948,False,none,0.0,0.1,20
L0_legacy_baseline,1,9,784,87,True,125,0.8735632183908046,0.8735632183908046,0.8736702127659575,0.8736702127659575,0.899468085106383,0.8641975308641976,0.875,0.8723404255319149,0.14684206247329712,0.062238287180662155,0.08460377156734467,0.017241381108760834,0.3810593783855438,0.17519217729568481,0.0,0.0,0.0,43f9e006244eb291340e3c17a68fdad02662e46c2e7ef7516612d815a15b51d7,f77de9b95ca2b1127ac39eba304aba28e46d6aeb4ca31ef85a9d2a688542e1dc,177,7.33721923828125,False,none,0.0,0.1,20
L0_legacy_baseline,1,10,784,87,True,126,0.8505747126436781,0.8505747126436781,0.8542553191489363,0.8542553191489362,0.8702127659574468,0.8470588235294118,0.9,0.8085106382978723,0.08166266977787018,0.022851532325148582,0.05881113559007645,0.018199235200881958,0.3556710183620453,0.1429174244403839,0.0,0.0,0.0,32791d4c77bf551226af7a6c1d635980d4ed101284007d2a4ccebe9aab749cf9,1ae651531f68c0377669281c75b401075138950807cee1a2a6fecf5bf3036e22,178,7.426777124404907,False,none,0.0,0.1,20
L0_legacy_baseline,2,1,783,88,True,86,0.8409090909090909,0.8409090909090909,0.8386092371562014,0.8386092371562014,0.8671510119356513,0.8250000000000001,0.8048780487804879,0.8723404255319149,0.0936584323644638,0.05711016058921814,0.036548271775245667,0.018939394503831863,0.3386513888835907,0.26544925570487976,0.0,0.0,0.0,0db0d355f91b4dfce8495a5deb89cd98038f2d7f0b0eb70e6534100c0296de23,2211ef82d8896713af41c45ae752bedf9ecca31dd910cf96c2f1839717952e44,138,9.144136190414429,False,none,0.0,0.1,20
L0_legacy_baseline,2,2,784,87,True,134,0.9080459770114943,0.9080459770114943,0.9090668080593849,0.9090668080593849,0.9496288441145281,0.9047619047619047,0.926829268292683,0.8913043478260869,0.11740358918905258,0.03814413771033287,0.07925945520401001,0.018199235200881958,0.3581131398677826,0.13190732896327972,0.0,0.0,0.0,fa5edee75710820130b2e669a8803421b3258b346837e2e0579980c7b499d319,319c9ce4b8caeaeef88701e1243738e7c4415fa9fdca86dfb3943c28501a2974,186,7.568170785903931,False,none,0.0,0.1,20
L0_legacy_baseline,2,3,784,87,True,119,0.8850574712643678,0.8850574712643678,0.8860021208907741,0.8860021208907741,0.9241781548250265,0.8809523809523809,0.9024390243902439,0.8695652173913043,0.10070034116506577,0.052000224590301514,0.04870011657476425,0.015325671061873436,0.4896458387374878,0.332609087228775,0.0,0.0,0.0,635f2656edfe7a2893ac146a40ec537a5214081a2a764c17f900d9fed73b8038,61e8ddb699f20cd8e809a755de0ee92b94b158e11ccba7fa13254601d82b2079,171,6.909122705459595,False,none,0.0,0.1,20
L0_legacy_baseline,2,4,784,87,True,168,0.896551724137931,0.896551724137931,0.8968085106382979,0.8968085106382979,0.9218085106382978,0.888888888888889,0.9,0.8936170212765957,0.37783917784690857,0.1259763091802597,0.25186288356781006,0.024904213845729828,0.32597875595092773,0.11115202307701111,0.0,0.0,0.0,e0953e71003dcbf8ae89862609abe958d9f1929f86984a4c2cd9e6b7a3713747,7f691c3acf9381873c6b8ac970f8518833babf283407d8349e5a8cde6e20e23f,220,8.88893747329712,False,none,0.0,0.1,20
L0_legacy_baseline,2,5,784,87,True,129,0.9080459770114943,0.9080459770114943,0.9055851063829787,0.9055851063829787,0.9170212765957446,0.8974358974358975,0.875,0.9361702127659575,0.13987454771995544,0.04138554260134697,0.09848900139331818,0.017241379246115685,0.3635517954826355,0.1599787026643753,0.0,0.0,0.0,ffa88fd5b8d9765431c6865ded0c18c58297932cdb7c2381dfe1ab870dfb3985,85f3031bedb47383e7dc2fcb0cefedfa62d847d746deb41c7efc0305e41e618f,181,7.337512254714966,False,none,0.0,0.1,20
L0_legacy_baseline,2,6,784,87,True,92,0.8850574712643678,0.8850574712643678,0.8843085106382979,0.8843085106382979,0.8952127659574468,0.875,0.875,0.8936170212765957,0.08706939220428467,0.05984062701463699,0.027228765189647675,0.015325671061873436,0.3808095455169678,0.24418263137340546,0.0,0.0,0.0,1baaf6fad6ad7fe6f2228a453d1f18cf23f71872c7f22fdf90d612af1606cfbb,ce17b6f4b471ff642a8c15d135e22e1544c67d953b9b0a22f2ba4b6298ee3915,144,5.858738660812378,False,none,0.0,0.1,20
L0_legacy_baseline,2,7,784,87,True,84,0.896551724137931,0.896551724137931,0.8968085106382979,0.8968085106382979,0.9047872340425531,0.888888888888889,0.9,0.8936170212765957,0.07201579213142395,0.059743013232946396,0.012272778898477554,0.020114943385124207,0.4040120840072632,0.28437864780426025,0.0,0.0,0.0,880e0c42c0ae61ba75beea33d5fe76689294669d82524c37ae6fc60fc11f0331,ca4591995858d10d1a859c3003fcb89039c16614b3d5accf32e850ef35b24471,136,5.526170969009399,False,none,0.0,0.1,20
L0_legacy_baseline,2,8,784,87,True,137,0.8850574712643678,0.8850574712643678,0.8824468085106383,0.8824468085106383,0.8968085106382978,0.8717948717948718,0.85,0.9148936170212766,0.22440890967845917,0.04404976963996887,0.1803591400384903,0.025862067937850952,0.4393290877342224,0.18643689155578613,0.0,0.0,0.0,164415543c65e79b64e9a3f0c0dce0bdbe19fb9e635b379198b30a7ec7c2b849,b4b89b985d5f9d438a0b592dd0761ddfe54ebb1ddfac6fe7d9cefaeb88ed5515,189,7.741641521453857,False,none,0.0,0.1,20
L0_legacy_baseline,2,9,784,87,True,87,0.8850574712643678,0.8850574712643678,0.8805851063829787,0.8805851063829787,0.9393617021276596,0.8684210526315789,0.825,0.9361702127659575,0.11778374016284943,0.10456608235836029,0.013217657804489136,0.012452106922864914,0.3881973922252655,0.2824769616127014,0.0,0.0,0.0,a745f1c1a9322be0f8e081cb5f264cec35ad2de339944e0b35525f8ede3304ad,5f614cc4cf0a92830b467ef94596507f307b7848d05e351b6e4dad0d7c72058a,139,5.741062879562378,False,none,0.0,0.1,20
L0_legacy_baseline,2,10,784,87,True,150,0.9540229885057471,0.9540229885057471,0.9518617021276595,0.9518617021276596,0.9670212765957447,0.9487179487179489,0.925,0.9787234042553191,0.15268369019031525,0.03548996150493622,0.11719372868537903,0.02107279747724533,0.4467868208885193,0.15069596469402313,0.0,0.0,0.0,3a41f1024203e3c40964802a338375d42c75ee868e58797195854dcd0e371aba,b9971c5e87bea3555eb0abb2d87e3a0337b4129a1e67af39927995697395c6ba,202,8.151544570922852,False,none,0.0,0.1,20
L1_legacy_uniform_global,0,1,783,88,True,108,0.9090909090909092,0.9090909090909091,0.9055526725480021,0.9055526725480021,0.9356512714063311,0.8974358974358975,0.8536585365853658,0.9574468085106383,0.35721060633659363,0.049539558589458466,0.30767104029655457,0.1931818425655365,0.18503201007843018,0.19993862509727478,0.4543780982494354,0.7395000457763672,0.16925615072250366,c60365b9e5aa732d64d224424ee116c664a8683779ded1b8fbfa4d2fc9f1c228,1a925608c65cceb0cd26d690493b8b1a683de6175dbcd0a8ecf2f89173df023e,160,19.898497819900513,False,hybrid,0.5,0.1,20
L1_legacy_uniform_global,0,2,784,87,True,102,0.896551724137931,0.896551724137931,0.8915694591728527,0.8915694591728527,0.9453870625662778,0.8800000000000001,0.8048780487804879,0.9782608695652174,0.39919108152389526,0.049357324838638306,0.34983375668525696,0.229885071516037,0.13347892463207245,0.18665990233421326,0.426183819770813,0.7228363752365112,0.12953126430511475,2b4d8b27ff0aa4a9ea2acceec15ffb583a4a58341f73c40454bb3667651bdf7d,8ea0a70934361c240ff48a73b1c4db954428dec7be773115b47da48fdb0fa1d0,154,15.106393814086914,False,hybrid,0.5,0.1,20
L1_legacy_uniform_global,0,3,784,87,True,151,0.9080459770114943,0.9080459770114943,0.9090668080593849,0.9090668080593849,0.9209968186638389,0.9047619047619047,0.926829268292683,0.8913043478260869,0.5234241485595703,0.1641526222229004,0.3592715263366699,0.20402298867702484,0.12979312241077423,0.1742638498544693,0.41165870428085327,0.7091712951660156,0.11414611339569092,2558907227d3fbd3a5d39d1cde9a01e4e02dd847a85acf7c75f9402b6635c7e2,92faa746efcf786cbf8cfc58994d5d263829c7a6fbdbee10ad2c155aaf2d3c03,203,19.99215292930603,False,hybrid,0.5,0.1,20
L1_legacy_uniform_global,0,4,784,87,True,107,0.9310344827586207,0.9310344827586207,0.9324468085106382,0.9324468085106383,0.9691489361702128,0.9268292682926829,0.95,0.9148936170212766,0.37742266058921814,0.03056151233613491,0.3468611538410187,0.21934866905212402,0.16203580796718597,0.21238800883293152,0.433346152305603,0.7193283438682556,0.14736399054527283,c1cdb470790433b3d570dd1d8c8ff11676be21b69a539f307cdfde7c2d047724,5a07fe923a02fe226d1ac5fdff112db19c201199ce22e15f12dfab5790858796,159,15.634105682373047,False,hybrid,0.5,0.1,20
L1_legacy_uniform_global,0,5,784,87,True,98,0.9425287356321839,0.9425287356321839,0.9449468085106383,0.9449468085106383,0.9712765957446808,0.9397590361445783,0.975,0.9148936170212766,0.373032808303833,0.056423693895339966,0.31660911440849304,0.20306514203548431,0.1618114709854126,0.23012861609458923,0.44680705666542053,0.7453427314758301,0.1482713669538498,5f5bdd5874f05eee61fc2dc5226d47417e84b4c88f7d522791f810ad3c520782,16b6cbb2b8207e6d82d57722b31f8cd3320d26fce42a6ca978b68a7ddc1e6deb,150,14.783038139343262,False,hybrid,0.5,0.1,20
L1_legacy_uniform_global,0,6,784,87,True,94,0.9425287356321839,0.9425287356321839,0.9393617021276596,0.9393617021276596,0.9526595744680851,0.935064935064935,0.9,0.9787234042553191,0.3758619725704193,0.027232816442847252,0.3486291468143463,0.1944444626569748,0.1484597623348236,0.28313010931015015,0.43228262662887573,0.7324604988098145,0.13210472464561462,bcc07701c9477a76a736d453a4622469b558ddad289d2e524efd0872b992d72e,2b06492592afb3331156600cf3db1005589442f3de788943dcb8d105b6db8a55,146,14.310119390487671,False,hybrid,0.5,0.1,20
L1_legacy_uniform_global,0,7,784,87,True,116,0.9540229885057471,0.9540229885057471,0.9537234042553192,0.9537234042553191,0.9840425531914894,0.9500000000000001,0.95,0.9574468085106383,0.44904133677482605,0.06839098781347275,0.3806503415107727,0.22701148688793182,0.13969236612319946,0.17316898703575134,0.42325809597969055,0.7242361903190613,0.12228000164031982,56d329a1dc1142d329a16c3edd077da718cf2dc14c7d8c5c3d74c0fcf65bc7f5,2f708a61049cc2a22d0b4042af6eb666518c7bd5ea15013d4c8fb87ea483e9ae,168,16.833036184310913,False,hybrid,0.5,0.1,20
L1_legacy_uniform_global,0,8,784,87,True,180,0.9655172413793103,0.9655172413793104,0.9680851063829787,0.9680851063829787,0.9792553191489362,0.963855421686747,1.0,0.9361702127659575,0.5881139039993286,0.12878495454788208,0.45932894945144653,0.2691571116447449,0.12019746005535126,0.19893528521060944,0.4022004008293152,0.7013563513755798,0.10304447263479233,b55b82876a15727333ffe05148a98897d46ee1ecf21f65ebf5dda3223c7f7abc,87edc150caa6b77f77024219dda5344452e5f4a8d209a6e99903971ffa1f47ea,232,22.812894344329834,False,hybrid,0.5,0.1,20
L1_legacy_uniform_global,0,9,784,87,True,62,0.6781609195402298,0.6781609195402298,0.6835106382978724,0.6835106382978724,0.7170212765957447,0.6818181818181818,0.75,0.6170212765957447,0.1893276423215866,0.027094928547739983,0.16223271191120148,0.12356321513652802,0.3368236720561981,0.5474420785903931,0.5938632488250732,0.8576321601867676,0.3300943374633789,abbbfc0a5eba21134b47c21a9e0de3cd348e77f243ef3bd15d4701754e397a4a,df74d15d6d940284410afbdacf0863f7daa34b5075c93f00692a4f5f68b52e67,114,11.272756338119507,False,hybrid,0.5,0.1,20
L1_legacy_uniform_global,0,10,784,87,True,39,0.7471264367816092,0.7471264367816092,0.7417553191489363,0.7417553191489361,0.7659574468085106,0.7105263157894738,0.675,0.8085106382978723,0.2765095829963684,0.034319307655096054,0.24219027161598206,0.16091953217983246,0.11530105769634247,0.6442277431488037,0.4741968512535095,0.8439709544181824,0.10442273318767548,95da4be2a01a8a1e40da2cd60daacd633860fae87fb469c7358a10c3c5d0e455,84eca923ae0cf1544c6dd86025acbf3397b057760f41efa2455d70d8911d5b84,91,8.959956169128418,False,hybrid,0.5,0.1,20
L1_legacy_uniform_global,1,1,783,88,True,105,0.8977272727272727,0.8977272727272727,0.9042553191489362,0.9042553191489362,0.9527763362740012,0.9010989010989011,1.0,0.8085106382978723,0.349690318107605,0.07201851904392242,0.27767181396484375,0.16571971774101257,0.16898763179779053,0.2668459117412567,0.4457549452781677,0.745856761932373,0.1456531435251236,1c6ba9571799783c7bb3c9d7839fa0135d1736c68424eff1e4232c4585d8ed11,18c40831903c6a8ca0a02048bd2d726f2f6db1220b8aaad1093f4b1558f06411,157,20.093209505081177,False,hybrid,0.5,0.1,20
L1_legacy_uniform_global,1,2,784,87,True,113,0.9425287356321839,0.9425287356321839,0.9430010604453871,0.9430010604453871,0.9665959703075292,0.9397590361445782,0.9512195121951219,0.9347826086956522,0.40925896167755127,0.04204748198390007,0.3672114908695221,0.25287359952926636,0.1538354754447937,0.18139521777629852,0.42487436532974243,0.7159085273742676,0.1338401734828949,80ac2a9bf676d69e7d6d82f84bacebbb1381e0bc3be424b5f95a066b3c188ad7,acf61f7ad321f523c46a5fe0833a4a5ddb857afcb8da732d93b690f843b4f806,165,16.94893789291382,False,hybrid,0.5,0.1,20
L1_legacy_uniform_global,1,3,784,87,True,117,0.8735632183908046,0.8735632183908046,0.8698303287380702,0.86983032873807,0.908271474019088,0.8571428571428571,0.8048780487804879,0.9347826086956522,0.44986528158187866,0.03761815279722214,0.4122471213340759,0.24425289034843445,0.1248064637184143,0.18603499233722687,0.40487557649612427,0.6870829463005066,0.12266820669174194,aaecb0660e498729fc06c89257dfa37ab74b747b04d71c827ca36856019bac5b,5708af9a6ea16fd14b769a9c53a827476bfdc138b9eedf54bcc3c2aa9061f27c,169,17.00645136833191,False,hybrid,0.5,0.1,20
L1_legacy_uniform_global,1,4,784,87,True,134,0.8850574712643678,0.8850574712643678,0.8843085106382979,0.8843085106382979,0.8914893617021277,0.875,0.875,0.8936170212765957,0.4454171061515808,0.10310910642147064,0.342307984828949,0.199233740568161,0.1734185814857483,0.284982293844223,0.47102147340774536,0.7704378962516785,0.17160508036613464,346346bd0433196c25600d1aeac5d9854b4b1ebb0905379f003e33ae843b217f,5b9d488a61246c440717be4d3d1956b5e5c5f5376a061fbde4d92490e39e11af,186,18.108665704727173,False,hybrid,0.5,0.1,20
L1_legacy_uniform_global,1,5,784,87,True,83,0.9080459770114943,0.9080459770114943,0.9018617021276595,0.9018617021276596,0.9271276595744681,0.8918918918918919,0.825,0.9787234042553191,0.33511313796043396,0.04893374443054199,0.28617939352989197,0.1743295043706894,0.15328684449195862,0.23837459087371826,0.45227622985839844,0.7611753940582275,0.14337709546089172,a4df8a6285ffba8b2fd817f8aad19ce09526b375bfcb0a1aff1b2cc1fbf22c55,68683b4da1c3b426933101c9e45c81909c71cf3818e21f1f94a7dc362651ca03,135,13.105177164077759,False,hybrid,0.5,0.1,20
L1_legacy_uniform_global,1,6,784,87,True,88,0.8735632183908046,0.8735632183908046,0.8680851063829788,0.8680851063829788,0.8638297872340426,0.8533333333333333,0.8,0.9361702127659575,0.3346889615058899,0.06036078929901123,0.27432817220687866,0.16570881009101868,0.1700611412525177,0.2233520746231079,0.46901556849479675,0.7729231119155884,0.16510802507400513,2ba42c38b7c329677c3547dea5d0119dc92de3abf1f66834553239f06345846a,2cf027c95e34fbd32cd432271bc79e5c869a6cf1809a1294cfefd47fd1cc5eed,140,13.880995988845825,False,hybrid,0.5,0.1,20
L1_legacy_uniform_global,1,7,784,87,True,113,0.9195402298850575,0.9195402298850575,0.9180851063829787,0.9180851063829787,0.9425531914893617,0.9113924050632911,0.9,0.9361702127659575,0.44525060057640076,0.06386858224868774,0.381382018327713,0.23084291815757751,0.135961651802063,0.20397216081619263,0.41244322061538696,0.6967449188232422,0.12814152240753174,2223c08db089a6cd153c127a7224ae22e03f8b049d29858f8e87c0c2174940af,a5f116f3e7c38597f5127b8dee6ca4f71a00c55f880a2601e29afe3da125f360,165,16.470299243927002,False,hybrid,0.5,0.1,20
L1_legacy_uniform_global,1,8,784,87,True,99,0.9080459770114943,0.9080459770114943,0.9018617021276595,0.9018617021276596,0.925,0.8918918918918919,0.825,0.9787234042553191,0.3925696313381195,0.06106732785701752,0.3315023183822632,0.22030651569366455,0.14523975551128387,0.23351454734802246,0.4402896761894226,0.7383753657341003,0.14220397174358368,c550325d7662ad2de203752b8a7b087e68a07e4a6452168cc71023443474d466,e1527be29219b3f502270fb5fe4500fb69ffef3bf239b55cf2572b7895bbab85,151,14.91797924041748,False,hybrid,0.5,0.1,20
L1_legacy_uniform_global,1,9,784,87,True,212,0.9195402298850575,0.9195402298850575,0.9218085106382977,0.9218085106382978,0.9132978723404255,0.9156626506024096,0.95,0.8936170212765957,0.6023590564727783,0.06062185764312744,0.5417371988296509,0.39176246523857117,0.08965133130550385,0.0995512381196022,0.35501593351364136,0.6135426759719849,0.09648917615413666,94cf02874759fdbc0b7c6b3104d1b23385da96123c4abe5f25a7c8fa2ad7dd76,f77de9b95ca2b1127ac39eba304aba28e46d6aeb4ca31ef85a9d2a688542e1dc,264,25.652424573898315,False,hybrid,0.5,0.1,20
L1_legacy_uniform_global,1,10,784,87,True,89,0.8390804597701149,0.8390804597701149,0.8324468085106382,0.8324468085106382,0.901063829787234,0.8108108108108107,0.75,0.9148936170212766,0.27574241161346436,0.04386273771524429,0.23187968134880066,0.16091954708099365,0.2545030415058136,0.35773250460624695,0.5212558507919312,0.8060547709465027,0.2364569753408432,2394bdd960580fcd533b706d54093dfb8ab9d8ce2dfd83c5c09213d81bb47b93,1ae651531f68c0377669281c75b401075138950807cee1a2a6fecf5bf3036e22,141,13.574986219406128,False,hybrid,0.5,0.1,20
L1_legacy_uniform_global,2,1,783,88,True,143,0.8863636363636364,0.8863636363636364,0.8858329008822003,0.8858329008822003,0.922677737415672,0.8780487804878049,0.8780487804878049,0.8936170212765957,0.5885436534881592,0.07565537095069885,0.5128883123397827,0.3816288113594055,0.08287642151117325,0.12139324843883514,0.3666507303714752,0.6483720541000366,0.08492939919233322,0db0d355f91b4dfce8495a5deb89cd98038f2d7f0b0eb70e6534100c0296de23,2211ef82d8896713af41c45ae752bedf9ecca31dd910cf96c2f1839717952e44,195,22.69737195968628,False,hybrid,0.5,0.1,20
L1_legacy_uniform_global,2,2,784,87,True,80,0.896551724137931,0.896551724137931,0.8915694591728527,0.8915694591728527,0.9353128313891834,0.8800000000000001,0.8048780487804879,0.9782608695652174,0.3288103938102722,0.03453224152326584,0.2942781448364258,0.18965518474578857,0.14810168743133545,0.2826899588108063,0.4462042450904846,0.7576619982719421,0.1347465217113495,0e32edaf10cb8db2fdb630660cb0a52a0f9eb7d0da2436b0a5309e9e957649bb,319c9ce4b8caeaeef88701e1243738e7c4415fa9fdca86dfb3943c28501a2974,132,12.64078164100647,False,hybrid,0.5,0.1,20
L1_legacy_uniform_global,2,3,784,87,True,118,0.8620689655172413,0.8620689655172413,0.8589607635206788,0.8589607635206786,0.9162248144220572,0.8461538461538461,0.8048780487804879,0.9130434782608695,0.4564603269100189,0.05487930402159691,0.4015810191631317,0.26340997219085693,0.12102897465229034,0.14295460283756256,0.40593084692955017,0.6957674026489258,0.11609429121017456,31b16f312e7b373a39006e534a5d651fa9bf21a4fe57503f2bf0018affef934e,61e8ddb699f20cd8e809a755de0ee92b94b158e11ccba7fa13254601d82b2079,170,16.247779607772827,False,hybrid,0.5,0.1,20
L1_legacy_uniform_global,2,4,784,87,True,189,0.9195402298850575,0.9195402298850575,0.9218085106382977,0.9218085106382978,0.9351063829787234,0.9156626506024096,0.95,0.8936170212765957,0.6655195355415344,0.11606575548648834,0.5494537949562073,0.3045977056026459,0.08756648004055023,0.12540818750858307,0.3793170154094696,0.6777704954147339,0.08086355030536652,2ce09c3e7c2a86041035519f257a6656f4065e3e7b4f9c6afc3dde59a63e2a5a,7f691c3acf9381873c6b8ac970f8518833babf283407d8349e5a8cde6e20e23f,241,23.308552026748657,False,hybrid,0.5,0.1,20
L1_legacy_uniform_global,2,5,784,87,True,123,0.9310344827586207,0.9310344827586207,0.9287234042553192,0.9287234042553192,0.9170212765957446,0.9230769230769231,0.9,0.9574468085106383,0.4532478451728821,0.084884874522686,0.3683629631996155,0.21264368295669556,0.13127537071704865,0.1510426551103592,0.4232802987098694,0.7147995233535767,0.1317610889673233,2a47f41c85cac1bd345a47b117911999f7d3980a69b9bd4bf96cc74a4d2b044b,85f3031bedb47383e7dc2fcb0cefedfa62d847d746deb41c7efc0305e41e618f,175,17.028928995132446,False,hybrid,0.5,0.1,20
L1_legacy_uniform_global,2,6,784,87,True,96,0.896551724137931,0.896551724137931,0.8949468085106382,0.8949468085106382,0.8920212765957448,0.8860759493670887,0.875,0.9148936170212766,0.388737291097641,0.07228884100914001,0.316448450088501,0.1819923371076584,0.13954401016235352,0.16938021779060364,0.43327105045318604,0.7385262250900269,0.1280158907175064,31c92da605da904530f1b157491f8fc1b663ef976413b6bac64873af3877c2d9,ce17b6f4b471ff642a8c15d135e22e1544c67d953b9b0a22f2ba4b6298ee3915,148,14.275978326797485,False,hybrid,0.5,0.1,20
L1_legacy_uniform_global,2,7,784,87,True,105,0.896551724137931,0.896551724137931,0.8968085106382979,0.8968085106382979,0.8968085106382978,0.888888888888889,0.9,0.8936170212765957,0.29970771074295044,0.03515877574682236,0.2645489275455475,0.18390804529190063,0.23412132263183594,0.3293498158454895,0.49679386615753174,0.7700625658035278,0.22352513670921326,83bcb0a82e780f3b9f53bdb1e2e55b09a3f1d81d606b33747cf1e9ae54519ed7,ca4591995858d10d1a859c3003fcb89039c16614b3d5accf32e850ef35b24471,157,15.246638536453247,False,hybrid,0.5,0.1,20
L1_legacy_uniform_global,2,8,784,87,True,99,0.8850574712643678,0.8850574712643678,0.8843085106382979,0.8843085106382979,0.8760638297872341,0.875,0.875,0.8936170212765957,0.3713786005973816,0.0330253466963768,0.3383532464504242,0.20402300357818604,0.13537687063217163,0.1917489469051361,0.4343069791793823,0.7369146347045898,0.1316993236541748,4f9c960a9a67e886119c9deb9e8756f5d8c944fda10b966357392a5eaa807c44,b4b89b985d5f9d438a0b592dd0761ddfe54ebb1ddfac6fe7d9cefaeb88ed5515,151,15.159049034118652,False,hybrid,0.5,0.1,20
L1_legacy_uniform_global,2,9,784,87,True,152,0.9195402298850575,0.9195402298850575,0.9218085106382977,0.9218085106382978,0.9159574468085105,0.9156626506024096,0.95,0.8936170212765957,0.5760864019393921,0.08692680299282074,0.48915958404541016,0.22701150178909302,0.1003752201795578,0.15739962458610535,0.38554179668426514,0.690776526927948,0.08030705153942108,2125c75e0c2a552cbaeff8424ab203ebcc9d2ab122a5c9bf8e7a5486e233856f,5f614cc4cf0a92830b467ef94596507f307b7848d05e351b6e4dad0d7c72058a,204,19.993179321289062,False,hybrid,0.5,0.1,20
L1_legacy_uniform_global,2,10,784,87,True,132,0.9540229885057471,0.9540229885057471,0.9537234042553192,0.9537234042553191,0.9702127659574467,0.9500000000000001,0.95,0.9574468085106383,0.5347869396209717,0.09258905053138733,0.44219788908958435,0.24712643027305603,0.12896685302257538,0.14896294474601746,0.385976642370224,0.6676143407821655,0.10433895885944366,aa098a63fb17e2e5affe8ac323bbba39555c007eec763b7acbf18a29b1743625,b9971c5e87bea3555eb0abb2d87e3a0337b4129a1e67af39927995697395c6ba,184,17.67550539970398,False,hybrid,0.5,0.1,20
