seed,fold,l0_split_sha256,l1_split_sha256,split_parity,l0_base_init_sha256,l1_base_init_sha256,base_init_parity,l0_best_epoch,l1_best_epoch
0,1,1a925608c65cceb0cd26d690493b8b1a683de6175dbcd0a8ecf2f89173df023e,1a925608c65cceb0cd26d690493b8b1a683de6175dbcd0a8ecf2f89173df023e,True,c60365b9e5aa732d64d224424ee116c664a8683779ded1b8fbfa4d2fc9f1c228,c60365b9e5aa732d64d224424ee116c664a8683779ded1b8fbfa4d2fc9f1c228,True,88,108
0,2,8ea0a70934361c240ff48a73b1c4db954428dec7be773115b47da48fdb0fa1d0,8ea0a70934361c240ff48a73b1c4db954428dec7be773115b47da48fdb0fa1d0,True,ea86be937021d5dbff5fad1119f47e810901510bf5c4a8e4acaf82a623dc2fa4,2b4d8b27ff0aa4a9ea2acceec15ffb583a4a58341f73c40454bb3667651bdf7d,False,127,102
0,3,92faa746efcf786cbf8cfc58994d5d263829c7a6fbdbee10ad2c155aaf2d3c03,92faa746efcf786cbf8cfc58994d5d263829c7a6fbdbee10ad2c155aaf2d3c03,True,94c7a4a645e55289561f2173c2400f037940d7ba610acaabe8d6c05e223f16ef,2558907227d3fbd3a5d39d1cde9a01e4e02dd847a85acf7c75f9402b6635c7e2,False,98,151
0,4,5a07fe923a02fe226d1ac5fdff112db19c201199ce22e15f12dfab5790858796,5a07fe923a02fe226d1ac5fdff112db19c201199ce22e15f12dfab5790858796,True,336becad43c0071d81fe302ba41679ac4e3759afb09584556ed1cd5f1dce3c20,c1cdb470790433b3d570dd1d8c8ff11676be21b69a539f307cdfde7c2d047724,False,159,107
0,5,16b6cbb2b8207e6d82d57722b31f8cd3320d26fce42a6ca978b68a7ddc1e6deb,16b6cbb2b8207e6d82d57722b31f8cd3320d26fce42a6ca978b68a7ddc1e6deb,True,f4df433c4957e020b963b2ff9ef0b8b35cb287288239ab0238ae274a44dd5b18,5f5bdd5874f05eee61fc2dc5226d47417e84b4c88f7d522791f810ad3c520782,False,97,98
0,6,2b06492592afb3331156600cf3db1005589442f3de788943dcb8d105b6db8a55,2b06492592afb3331156600cf3db1005589442f3de788943dcb8d105b6db8a55,True,15faeca47df3d0c9d692c4244abc50e4db9a468561d49a0a7ded7ae0a9e94531,bcc07701c9477a76a736d453a4622469b558ddad289d2e524efd0872b992d72e,False,123,94
0,7,2f708a61049cc2a22d0b4042af6eb666518c7bd5ea15013d4c8fb87ea483e9ae,2f708a61049cc2a22d0b4042af6eb666518c7bd5ea15013d4c8fb87ea483e9ae,True,29ef1786189c574565b965be64946dd3fd2847e6e775b88f678cb17e489c276a,56d329a1dc1142d329a16c3edd077da718cf2dc14c7d8c5c3d74c0fcf65bc7f5,False,155,116
0,8,87edc150caa6b77f77024219dda5344452e5f4a8d209a6e99903971ffa1f47ea,87edc150caa6b77f77024219dda5344452e5f4a8d209a6e99903971ffa1f47ea,True,4c6dafb774574fd0c01ef3c93b9401ca28e41fd182d3a1a99207b75e7423898c,b55b82876a15727333ffe05148a98897d46ee1ecf21f65ebf5dda3223c7f7abc,False,145,180
0,9,df74d15d6d940284410afbdacf0863f7daa34b5075c93f00692a4f5f68b52e67,df74d15d6d940284410afbdacf0863f7daa34b5075c93f00692a4f5f68b52e67,True,b971195c2eba4db383faaf20dc8001f138cee30d879719264883a2902cf4855a,abbbfc0a5eba21134b47c21a9e0de3cd348e77f243ef3bd15d4701754e397a4a,False,54,62
0,10,84eca923ae0cf1544c6dd86025acbf3397b057760f41efa2455d70d8911d5b84,84eca923ae0cf1544c6dd86025acbf3397b057760f41efa2455d70d8911d5b84,True,502f72c97ce02f3b2b01fcaaaa96d7f34afed62594105becb8dfed99313d626b,95da4be2a01a8a1e40da2cd60daacd633860fae87fb469c7358a10c3c5d0e455,False,80,39
1,1,18c40831903c6a8ca0a02048bd2d726f2f6db1220b8aaad1093f4b1558f06411,18c40831903c6a8ca0a02048bd2d726f2f6db1220b8aaad1093f4b1558f06411,True,1c6ba9571799783c7bb3c9d7839fa0135d1736c68424eff1e4232c4585d8ed11,1c6ba9571799783c7bb3c9d7839fa0135d1736c68424eff1e4232c4585d8ed11,True,145,105
1,2,acf61f7ad321f523c46a5fe0833a4a5ddb857afcb8da732d93b690f843b4f806,acf61f7ad321f523c46a5fe0833a4a5ddb857afcb8da732d93b690f843b4f806,True,53644a2c289b1d088ffcdfb35aaee0dcab5439bc778b95a7c16822641ebd6fef,80ac2a9bf676d69e7d6d82f84bacebbb1381e0bc3be424b5f95a066b3c188ad7,False,118,113
1,3,5708af9a6ea16fd14b769a9c53a827476bfdc138b9eedf54bcc3c2aa9061f27c,5708af9a6ea16fd14b769a9c53a827476bfdc138b9eedf54bcc3c2aa9061f27c,True,99be0162eb04971a2b6accd5b2482c0b612c2887dc1d2b1844bf154c9f4535b8,aaecb0660e498729fc06c89257dfa37ab74b747b04d71c827ca36856019bac5b,False,88,117
1,4,5b9d488a61246c440717be4d3d1956b5e5c5f5376a061fbde4d92490e39e11af,5b9d488a61246c440717be4d3d1956b5e5c5f5376a061fbde4d92490e39e11af,True,f63172e02e61846ac7093f9177061bd8a9cec2f9136e68d8d3f1ba9ada0424de,346346bd0433196c25600d1aeac5d9854b4b1ebb0905379f003e33ae843b217f,False,130,134
1,5,68683b4da1c3b426933101c9e45c81909c71cf3818e21f1f94a7dc362651ca03,68683b4da1c3b426933101c9e45c81909c71cf3818e21f1f94a7dc362651ca03,True,7c78dd8048bb9d33b97dd25a5ca2a3e10744089ff3cd78fac68be039920516fa,a4df8a6285ffba8b2fd817f8aad19ce09526b375bfcb0a1aff1b2cc1fbf22c55,False,117,83
1,6,2cf027c95e34fbd32cd432271bc79e5c869a6cf1809a1294cfefd47fd1cc5eed,2cf027c95e34fbd32cd432271bc79e5c869a6cf1809a1294cfefd47fd1cc5eed,True,b6bd929090d015fac977362513b0d1e7626eddb6d27bca5c82d8032afdfabde6,2ba42c38b7c329677c3547dea5d0119dc92de3abf1f66834553239f06345846a,False,116,88
1,7,a5f116f3e7c38597f5127b8dee6ca4f71a00c55f880a2601e29afe3da125f360,a5f116f3e7c38597f5127b8dee6ca4f71a00c55f880a2601e29afe3da125f360,True,5980ce7efb0f47a960b3154bcf30ec354ebe0ed3b1f6b2f4a3216d284f29d396,2223c08db089a6cd153c127a7224ae22e03f8b049d29858f8e87c0c2174940af,False,131,113
1,8,e1527be29219b3f502270fb5fe4500fb69ffef3bf239b55cf2572b7895bbab85,e1527be29219b3f502270fb5fe4500fb69ffef3bf239b55cf2572b7895bbab85,True,ad934d64129477a3e18bfa2ba6636f86d062d65875599b43935c87de5d59ac91,c550325d7662ad2de203752b8a7b087e68a07e4a6452168cc71023443474d466,False,113,99
1,9,f77de9b95ca2b1127ac39eba304aba28e46d6aeb4ca31ef85a9d2a688542e1dc,f77de9b95ca2b1127ac39eba304aba28e46d6aeb4ca31ef85a9d2a688542e1dc,True,43f9e006244eb291340e3c17a68fdad02662e46c2e7ef7516612d815a15b51d7,94cf02874759fdbc0b7c6b3104d1b23385da96123c4abe5f25a7c8fa2ad7dd76,False,125,212
1,10,1ae651531f68c0377669281c75b401075138950807cee1a2a6fecf5bf3036e22,1ae651531f68c0377669281c75b401075138950807cee1a2a6fecf5bf3036e22,True,32791d4c77bf551226af7a6c1d635980d4ed101284007d2a4ccebe9aab749cf9,2394bdd960580fcd533b706d54093dfb8ab9d8ce2dfd83c5c09213d81bb47b93,False,126,89
2,1,2211ef82d8896713af41c45ae752bedf9ecca31dd910cf96c2f1839717952e44,2211ef82d8896713af41c45ae752bedf9ecca31dd910cf96c2f1839717952e44,True,0db0d355f91b4dfce8495a5deb89cd98038f2d7f0b0eb70e6534100c0296de23,0db0d355f91b4dfce8495a5deb89cd98038f2d7f0b0eb70e6534100c0296de23,True,86,143
2,2,319c9ce4b8caeaeef88701e1243738e7c4415fa9fdca86dfb3943c28501a2974,319c9ce4b8caeaeef88701e1243738e7c4415fa9fdca86dfb3943c28501a2974,True,fa5edee75710820130b2e669a8803421b3258b346837e2e0579980c7b499d319,0e32edaf10cb8db2fdb630660cb0a52a0f9eb7d0da2436b0a5309e9e957649bb,False,134,80
2,3,61e8ddb699f20cd8e809a755de0ee92b94b158e11ccba7fa13254601d82b2079,61e8ddb699f20cd8e809a755de0ee92b94b158e11ccba7fa13254601d82b2079,True,635f2656edfe7a2893ac146a40ec537a5214081a2a764c17f900d9fed73b8038,31b16f312e7b373a39006e534a5d651fa9bf21a4fe57503f2bf0018affef934e,False,119,118
2,4,7f691c3acf9381873c6b8ac970f8518833babf283407d8349e5a8cde6e20e23f,7f691c3acf9381873c6b8ac970f8518833babf283407d8349e5a8cde6e20e23f,True,e0953e71003dcbf8ae89862609abe958d9f1929f86984a4c2cd9e6b7a3713747,2ce09c3e7c2a86041035519f257a6656f4065e3e7b4f9c6afc3dde59a63e2a5a,False,168,189
2,5,85f3031bedb47383e7dc2fcb0cefedfa62d847d746deb41c7efc0305e41e618f,85f3031bedb47383e7dc2fcb0cefedfa62d847d746deb41c7efc0305e41e618f,True,ffa88fd5b8d9765431c6865ded0c18c58297932cdb7c2381dfe1ab870dfb3985,2a47f41c85cac1bd345a47b117911999f7d3980a69b9bd4bf96cc74a4d2b044b,False,129,123
2,6,ce17b6f4b471ff642a8c15d135e22e1544c67d953b9b0a22f2ba4b6298ee3915,ce17b6f4b471ff642a8c15d135e22e1544c67d953b9b0a22f2ba4b6298ee3915,True,1baaf6fad6ad7fe6f2228a453d1f18cf23f71872c7f22fdf90d612af1606cfbb,31c92da605da904530f1b157491f8fc1b663ef976413b6bac64873af3877c2d9,False,92,96
2,7,ca4591995858d10d1a859c3003fcb89039c16614b3d5accf32e850ef35b24471,ca4591995858d10d1a859c3003fcb89039c16614b3d5accf32e850ef35b24471,True,880e0c42c0ae61ba75beea33d5fe76689294669d82524c37ae6fc60fc11f0331,83bcb0a82e780f3b9f53bdb1e2e55b09a3f1d81d606b33747cf1e9ae54519ed7,False,84,105
2,8,b4b89b985d5f9d438a0b592dd0761ddfe54ebb1ddfac6fe7d9cefaeb88ed5515,b4b89b985d5f9d438a0b592dd0761ddfe54ebb1ddfac6fe7d9cefaeb88ed5515,True,164415543c65e79b64e9a3f0c0dce0bdbe19fb9e635b379198b30a7ec7c2b849,4f9c960a9a67e886119c9deb9e8756f5d8c944fda10b966357392a5eaa807c44,False,137,99
2,9,5f614cc4cf0a92830b467ef94596507f307b7848d05e351b6e4dad0d7c72058a,5f614cc4cf0a92830b467ef94596507f307b7848d05e351b6e4dad0d7c72058a,True,a745f1c1a9322be0f8e081cb5f264cec35ad2de339944e0b35525f8ede3304ad,2125c75e0c2a552cbaeff8424ab203ebcc9d2ab122a5c9bf8e7a5486e233856f,False,87,152
2,10,b9971c5e87bea3555eb0abb2d87e3a0337b4129a1e67af39927995697395c6ba,b9971c5e87bea3555eb0abb2d87e3a0337b4129a1e67af39927995697395c6ba,True,3a41f1024203e3c40964802a338375d42c75ee868e58797195854dcd0e371aba,aa098a63fb17e2e5affe8ac323bbba39555c007eec763b7acbf18a29b1743625,False,150,132
