config,seed,n_oof,acc,balanced_acc,asd_auc,asd_f1,asd_sensitivity,nc_specificity,fold_mean_raw_pos_cos,fold_std_raw_pos_cos,fold_mean_raw_neg_cos,fold_std_raw_neg_cos,fold_mean_raw_cos_gap,fold_std_raw_cos_gap,fold_mean_raw_retrieval_r1,fold_std_raw_retrieval_r1,fold_mean_raw_cmmd,fold_std_raw_cmmd,fold_mean_raw_modality_probe_acc,fold_std_raw_modality_probe_acc,fold_mean_shared_pos_cos,fold_std_shared_pos_cos,fold_mean_shared_neg_cos,fold_std_shared_neg_cos,fold_mean_shared_cos_gap,fold_std_shared_cos_gap,fold_mean_shared_retrieval_r1,fold_std_shared_retrieval_r1,fold_mean_shared_cmmd,fold_std_shared_cmmd,fold_mean_shared_modality_probe_acc,fold_std_shared_modality_probe_acc,fold_mean_private_modality_probe_acc,fold_std_private_modality_probe_acc,fold_mean_private_shared_probe_gap,fold_std_private_shared_probe_gap,fold_mean_shared_mean_std,fold_std_shared_mean_std,fold_mean_private_mean_std,fold_std_private_mean_std,fold_mean_reconstruction_nmse,fold_std_reconstruction_nmse,fold_mean_shared_private_xcov,fold_std_shared_private_xcov,runtime_sec_mean,runtime_sec_std,base_init_sha256,aux_init_sha256
D0_baseline,0,871,0.8381171067738232,0.8371243451888613,0.8649339356535388,0.8248447204968944,0.8238213399503722,0.8504273504273504,0.10962907178327441,0.08812466724376682,0.03619693387299776,0.03310976134581881,0.07343213642016053,0.07646840986820351,0.020464342087507248,0.0067409793330963415,0.3651207208633423,0.0329452432132572,0.9147368077324975,0.018790630327740886,nan,nan,nan,nan,nan,nan,nan,nan,nan,nan,nan,nan,nan,nan,nan,nan,nan,nan,nan,nan,nan,nan,nan,nan,5.561759361624718,1.6829540752336924,972f662c922f3f02355d79787c586293ea503c3c0736d55ac815c57e920a5b22,
D0_baseline,1,871,0.8323765786452354,0.8281637717121588,0.8792416915866048,0.8098958333333333,0.771712158808933,0.8846153846153846,0.1084662648383528,0.09280164050178283,0.04509227620437741,0.03257990851742498,0.06337398737668991,0.06975049043654775,0.018278692569583654,0.007212755571439487,0.3803209483623505,0.03021438955868083,0.9089896812957157,0.018671515053595572,nan,nan,nan,nan,nan,nan,nan,nan,nan,nan,nan,nan,nan,nan,nan,nan,nan,nan,nan,nan,nan,nan,nan,nan,5.556006675586104,1.2874179319895558,2920d1a2d1c5d32a82a360b076199906c5b1dcce2976f609794a649b4f24b965,
D0_baseline,2,871,0.8507462686567164,0.8483595257788806,0.8903522724862675,0.8350253807106599,0.8163771712158809,0.8803418803418803,0.10797436181455851,0.08952633030054209,0.0336922169663012,0.03957593903910493,0.07428214475512504,0.06178442686695112,0.020574278198182583,0.004259425684354157,0.3843622386455536,0.040205740595020155,0.8998530564263323,0.02371920961740869,nan,nan,nan,nan,nan,nan,nan,nan,nan,nan,nan,nan,nan,nan,nan,nan,nan,nan,nan,nan,nan,nan,nan,nan,5.656945510581136,1.378409202022303,3482fd1c35313837f9b4cdf339fe1875d374253e510d1b51c5562b21b7b7d154,
D1_global_hybrid_medium,0,871,0.8461538461538461,0.843396746622553,0.8827066234014125,0.8290816326530613,0.8064516129032258,0.8803418803418803,0.3176157057285309,0.08400919834771016,0.09372552260756492,0.04412235989459685,0.22389018088579177,0.04969336661467212,0.10600727647542954,0.019482742342106268,0.21766455322504044,0.03227404933883967,0.9262375914315569,0.025149597850574145,nan,nan,nan,nan,nan,nan,nan,nan,nan,nan,nan,nan,nan,nan,nan,nan,nan,nan,nan,nan,nan,nan,nan,nan,14.623245183750987,1.8970956619474022,972f662c922f3f02355d79787c586293ea503c3c0736d55ac815c57e920a5b22,
D1_global_hybrid_medium,1,871,0.8473019517795637,0.8441204852495174,0.8949279972853174,0.8292682926829268,0.8014888337468983,0.8867521367521367,0.29337427765130997,0.1049376320374236,0.0776347091421485,0.03525460492424045,0.2157395638525486,0.07857032158188362,0.09522488117218017,0.02314520944664135,0.22851584404706954,0.04980671634990285,0.9196153343782655,0.020243955821380725,nan,nan,nan,nan,nan,nan,nan,nan,nan,nan,nan,nan,nan,nan,nan,nan,nan,nan,nan,nan,nan,nan,nan,nan,15.17169023230672,1.6927620865981872,2920d1a2d1c5d32a82a360b076199906c5b1dcce2976f609794a649b4f24b965,
D1_global_hybrid_medium,2,871,0.8404133180252583,0.8396057347670252,0.8910733600559902,0.8277571251548947,0.8287841191066998,0.8504273504273504,0.3379501596093178,0.11205699156262257,0.09355217311531305,0.047645852958432586,0.24439798444509506,0.07154847171340398,0.10535201355814934,0.016377209528734768,0.2083185851573944,0.03259210819758062,0.9213786572622779,0.02527895399380208,nan,nan,nan,nan,nan,nan,nan,nan,nan,nan,nan,nan,nan,nan,nan,nan,nan,nan,nan,nan,nan,nan,nan,nan,14.880321037396788,2.1386114586622287,3482fd1c35313837f9b4cdf339fe1875d374253e510d1b51c5562b21b7b7d154,
D2_global_hybrid_strong,0,871,0.8610792192881745,0.8588365039977943,0.8974836164662467,0.8466413181242078,0.8287841191066998,0.8888888888888888,0.4539714217185974,0.07026076684686941,0.07222989648580551,0.01809806312484194,0.381741526722908,0.060069784529581435,0.23513911068439483,0.03926826982142391,0.13172104805707932,0.02261252659342014,0.9442953239289447,0.03346067396750801,nan,nan,nan,nan,nan,nan,nan,nan,nan,nan,nan,nan,nan,nan,nan,nan,nan,nan,nan,nan,nan,nan,nan,nan,15.574294045194984,2.752403094761038,972f662c922f3f02355d79787c586293ea503c3c0736d55ac815c57e920a5b22,
D2_global_hybrid_strong,1,871,0.8404133180252583,0.836848635235732,0.8900341456172722,0.8206451612903226,0.7890818858560794,0.8846153846153846,0.46253055334091187,0.10012551777013357,0.1082182314246893,0.05565001590517636,0.35431231558322906,0.06873330497245439,0.21412836164236068,0.05588690601945779,0.14175473377108574,0.022417375474900803,0.9508914576802509,0.029438502154938262,nan,nan,nan,nan,nan,nan,nan,nan,nan,nan,nan,nan,nan,nan,nan,nan,nan,nan,nan,nan,nan,nan,nan,nan,16.409502934291957,2.871748250813473,2920d1a2d1c5d32a82a360b076199906c5b1dcce2976f609794a649b4f24b965,
D2_global_hybrid_strong,2,871,0.8450057405281286,0.842328370554177,0.8940001272507476,0.8280254777070063,0.8064516129032258,0.8782051282051282,0.3943387150764465,0.04710766415291709,0.05536280069500208,0.02630073051402812,0.33897590935230254,0.03596082470855323,0.20762365609407424,0.023075506224516564,0.14700063765048982,0.026374359666940583,0.9273870167189132,0.03261127183870186,nan,nan,nan,nan,nan,nan,nan,nan,nan,nan,nan,nan,nan,nan,nan,nan,nan,nan,nan,nan,nan,nan,nan,nan,14.626923252269625,1.8446015448525452,3482fd1c35313837f9b4cdf339fe1875d374253e510d1b51c5562b21b7b7d154,
D3_shared_projector_strong,0,871,0.8530424799081515,0.8504962779156328,0.8711002947975653,0.8371501272264632,0.8163771712158809,0.8846153846153846,0.14260435327887536,0.0384192416811378,0.02047483082860708,0.020151004457586004,0.12212952375411987,0.02990444213252879,0.06426876559853553,0.016089355822490718,0.2922711789608002,0.023006296200827225,0.9155956112852663,0.02216377397231144,0.7847623407840729,0.04036680114524734,0.28267374336719514,0.07754679880177284,0.5020885974168777,0.05590902932511019,0.27483782172203064,0.059892843522189286,0.06348666548728943,0.020761085331283728,0.6036801201671891,0.055607660965783755,nan,nan,nan,nan,0.7485332012176513,0.03537368936178084,nan,nan,nan,nan,nan,nan,15.534333289414644,2.8500583044070877,972f662c922f3f02355d79787c586293ea503c3c0736d55ac815c57e920a5b22,cb57464617e845de2f36ca68fa5ae3d3d9f8c9b6afce9556cf78cc31f7936766
D3_shared_projector_strong,1,871,0.8404133180252583,0.8370209539564378,0.8902409280821191,0.8211068211068211,0.7915632754342432,0.8824786324786325,0.16344741135835647,0.055525263925261165,0.02467459449544549,0.024577220166306892,0.1387728177011013,0.06065731754390543,0.07560301534831523,0.02525460391797271,0.29048862457275393,0.031454547161638376,0.9310965256008359,0.022344939720979128,0.7788295865058898,0.050045465362704426,0.30112856924533843,0.05984015418113481,0.4777010172605515,0.065752886925037,0.2697960317134857,0.05101840723290055,0.06943829134106635,0.034048804738532924,0.6500620428422154,0.047454553886275584,nan,nan,nan,nan,0.7456688702106475,0.04006015260331358,nan,nan,nan,nan,nan,nan,15.317523352429271,3.0590898129298036,2920d1a2d1c5d32a82a360b076199906c5b1dcce2976f609794a649b4f24b965,b1385392aa3ac534f43bb085860847e16e636e26f8c555ee6bf757cddabe0225
D3_shared_projector_strong,2,871,0.8507462686567164,0.8499103942652331,0.9020381328073636,0.8387096774193549,0.8387096774193549,0.8611111111111112,0.1622564360499382,0.04019003341565941,0.02067569702048786,0.018219627685193893,0.14158073663711548,0.039645594680689275,0.07280673310160637,0.01178510790044782,0.29437643736600877,0.03304569883491488,0.9210619122257053,0.025114513786337795,0.7947897613048553,0.02642424891994617,0.29140501022338866,0.062096892824027285,0.5033847540616989,0.05820432990003982,0.28268243223428724,0.032948605400116834,0.0638358473777771,0.02116971946487257,0.6119644723092998,0.05579623119854478,nan,nan,nan,nan,0.7516886413097381,0.05522383532861071,nan,nan,nan,nan,nan,nan,16.441634763777255,3.1646315841417816,3482fd1c35313837f9b4cdf339fe1875d374253e510d1b51c5562b21b7b7d154,c1bb0997bbfd8d7b922458a3c8e6d97d8d3bdce8c8c3b35fc4af3bd10237fa84
D4_disentangled_medium,0,871,0.8564867967853043,0.8540460435621726,0.8848751882250641,0.841168996188056,0.8213399503722084,0.8867521367521367,0.14842824935913085,0.06599721665691644,0.03354266046080738,0.02683350819243684,0.11488558761775494,0.05994987715183696,0.04352468773722649,0.012190627948026615,0.3207287430763245,0.02321125063790327,0.9124379571577848,0.022982471208281993,0.828427916765213,0.024699142955254494,0.5726470828056336,0.0566530226436113,0.25578083395957946,0.038429275518036876,0.12764063328504563,0.030977928016607263,0.06835363209247589,0.01658761558785166,0.69401776384535,0.031446266487893657,1.0,0.0,0.30598223615465,0.031446266487893657,0.531802698969841,0.0371720920932851,0.3992172598838806,0.03327029574746914,0.16228572726249696,0.01649785462515125,0.05128117464482784,0.012430057237582521,18.762100645527244,2.8168730418652896,972f662c922f3f02355d79787c586293ea503c3c0736d55ac815c57e920a5b22,cb57464617e845de2f36ca68fa5ae3d3d9f8c9b6afce9556cf78cc31f7936766
D4_disentangled_medium,1,871,0.8415614236509759,0.8380893300248139,0.8924704672223283,0.8221649484536082,0.7915632754342432,0.8846153846153846,0.13102379515767099,0.06324574344409617,0.03197290748357773,0.02850746649428781,0.0990508884191513,0.05117184107540662,0.04086120016872883,0.010645801415563538,0.33359832465648653,0.04994189292763758,0.9193116509926854,0.01779314720396878,0.8201446056365966,0.020669109499744084,0.5554515093564987,0.045811363091627144,0.26469309628009796,0.04254534517042447,0.14296412989497184,0.024170002372786926,0.08111794292926788,0.03304615542247967,0.6997028474399165,0.054850053017884565,1.0,0.0,0.3002971525600836,0.05485005301788457,0.5383863657712936,0.03407945965691126,0.3877851635217667,0.03897878359238599,0.1559369795024395,0.03460913680863232,0.048766475170850754,0.007868693538727068,18.869720768928527,2.918112390423324,2920d1a2d1c5d32a82a360b076199906c5b1dcce2976f609794a649b4f24b965,b1385392aa3ac534f43bb085860847e16e636e26f8c555ee6bf757cddabe0225
D4_disentangled_medium,2,871,0.8507462686567164,0.8495657568238213,0.8930218871285868,0.8379052369077307,0.8337468982630273,0.8653846153846154,0.10255328975617886,0.04229839135226032,0.013523811567574739,0.02509343845857463,0.0890294786542654,0.026612299161557294,0.039418975263834,0.0074604891974577,0.3289415627717972,0.031188106115127064,0.9113179205851619,0.01762657447402421,0.8208718180656434,0.028300419331649458,0.5571379661560059,0.040719310248031944,0.26373385190963744,0.037094322485531385,0.12982846200466155,0.026419148711205317,0.07778052836656571,0.037383750115053266,0.6674013845350053,0.07546642779264975,1.0,0.0,0.3325986154649948,0.07546642779264977,0.5286050885915756,0.0302602399613522,0.40021443367004395,0.02246942516485461,0.17748816162347794,0.04113703573103492,0.050555115565657616,0.006168520206859962,17.620744890347122,2.3198983654079184,3482fd1c35313837f9b4cdf339fe1875d374253e510d1b51c5562b21b7b7d154,c1bb0997bbfd8d7b922458a3c8e6d97d8d3bdce8c8c3b35fc4af3bd10237fa84
D5_disentangled_strong,0,871,0.8404133180252583,0.8370209539564378,0.8626752348836715,0.8211068211068211,0.7915632754342432,0.8824786324786325,0.12593257650732995,0.03210625191841363,0.012750038201920688,0.021019196544669976,0.11318253800272941,0.02508055076406604,0.06253918819129467,0.014123463260199164,0.2887611985206604,0.02624969050066476,0.9187565308254962,0.021429247489938418,0.7999315142631531,0.04167893371236351,0.3350328117609024,0.08180905031589245,0.4648987054824829,0.056207655367674136,0.2514498561620712,0.04051592878389904,0.06021408215165138,0.02039896851726891,0.5947884012539184,0.05235657074977021,1.0,0.0,0.4052115987460815,0.05235657074977021,0.690926855802536,0.036507524655114254,0.4098076045513153,0.031449705140368024,0.15720624327659607,0.02894849575619111,0.04774405248463154,0.007503532558272426,16.388559250533582,2.8338571105006847,972f662c922f3f02355d79787c586293ea503c3c0736d55ac815c57e920a5b22,cb57464617e845de2f36ca68fa5ae3d3d9f8c9b6afce9556cf78cc31f7936766
D5_disentangled_strong,1,871,0.8461538461538461,0.8439137027846706,0.8917149159084643,0.830379746835443,0.8138957816377171,0.8739316239316239,0.14401037916541098,0.04712734023732551,0.027682457491755484,0.0270919493410677,0.11632792353630066,0.0320648695869195,0.06815025620162488,0.018998467845375483,0.2821397826075554,0.02789996861075195,0.9241999738766979,0.025552234615216114,0.7964852154254913,0.028782551843534364,0.3222458615899086,0.095134724105893,0.4742393523454666,0.08245742044069317,0.26868470162153246,0.040979339677589224,0.06927890591323375,0.023559320983261002,0.642685475444096,0.041455338177473385,1.0,0.0,0.3573145245559039,0.041455338177473385,0.6964081346988678,0.04658228829280596,0.40155364871025084,0.04287061618132304,0.15105758756399154,0.04007818494266,0.049610776081681254,0.00524748794325654,16.31262154020369,2.61311474292001,2920d1a2d1c5d32a82a360b076199906c5b1dcce2976f609794a649b4f24b965,b1385392aa3ac534f43bb085860847e16e636e26f8c555ee6bf757cddabe0225
D5_disentangled_strong,2,871,0.8404133180252583,0.8392610973256134,0.8937509278700345,0.8268991282689914,0.8238213399503722,0.8547008547008547,0.14752116203308105,0.03349270530356125,0.024444011179730295,0.02384776530558785,0.1230771504342556,0.014839379401635438,0.06744383871555329,0.008000690408957841,0.27663472294807434,0.020918644007273585,0.9156184691745036,0.018706001790816686,0.7945951998233796,0.043075029578065874,0.3077110260725021,0.07045988156562752,0.4868841767311096,0.05512369525740616,0.25561216175556184,0.05787816872719477,0.06688619442284108,0.024440394603761822,0.6141980146290491,0.04605174396502452,1.0,0.0,0.38580198537095095,0.04605174396502452,0.6982192695140839,0.0350008373699291,0.4048912703990936,0.0364816771457332,0.17379693016409875,0.042638673653316764,0.046265024319291116,0.009909079631492344,16.970860885083674,2.631860546377461,3482fd1c35313837f9b4cdf339fe1875d374253e510d1b51c5562b21b7b7d154,c1bb0997bbfd8d7b922458a3c8e6d97d8d3bdce8c8c3b35fc4af3bd10237fa84
