config,seed,fold,n_outer_train,n_train,n_val,n_test,best_epoch,acc,balanced_acc,asd_auc,asd_f1,asd_sensitivity,nc_specificity,raw_pos_cos,raw_neg_cos,raw_cos_gap,raw_retrieval_r1,raw_cmmd,shared_pos_cos,shared_neg_cos,shared_cos_gap,shared_retrieval_r1,shared_cmmd,final_cls_loss,final_align_loss,final_orth_loss,final_balance_loss,align_strategy,align_mode,align_lambda,align_temperature,align_warmup,lambda_orth,lambda_balance,target_shared_ratio,token_nmodal,token_dim,runtime_sec,gate_PHENO_mean,gate_PHENO_std,gate_PHENO_gt05,gate_ANAT_mean,gate_ANAT_std,gate_ANAT_gt05,gate_FUNC_mean,gate_FUNC_std,gate_FUNC_gt05,gate_Correlation_mean,gate_Correlation_std,gate_Correlation_gt05,gate_global_mean,gate_global_std
C0_baseline,0,1,783,704,79,88,124,0.8409090909090909,0.8432797093928386,0.9278671510119355,0.8372093023255814,0.8780487804878049,0.8085106382978723,0.09582686424255371,-0.024736827239394188,0.12056369334459305,0.029356062412261963,0.3965952396392822,nan,nan,nan,nan,nan,0.15465131402015686,0.0,0.0,0.0,none,none,0.0,0.1,20,0.02,0.05,0.5,4,36,8.639300037175417,,,,,,,,,,,,,,
C0_baseline,0,2,784,705,79,87,108,0.8620689655172413,0.8549840933191941,0.8632025450689289,0.8333333333333334,0.7317073170731707,0.9782608695652174,0.10675930976867676,0.07762771844863892,0.029131591320037842,0.02107279561460018,0.3484920859336853,nan,nan,nan,nan,nan,0.1936134696006775,-0.0,-0.0,-0.0,none,none,0.0,0.1,20,0.02,0.05,0.5,4,36,4.623680990189314,,,,,,,,,,,,,,
C0_baseline,0,3,784,705,79,87,102,0.8390804597701149,0.8372216330858961,0.8955461293743372,0.8250000000000001,0.8048780487804879,0.8695652173913043,0.0688968300819397,0.023460637778043747,0.04543619230389595,0.022030651569366455,0.3339608609676361,nan,nan,nan,nan,nan,0.16098655760288239,-0.0,-0.0,-0.0,none,none,0.0,0.1,20,0.02,0.05,0.5,4,36,4.801791992038488,,,,,,,,,,,,,,
C0_baseline,0,4,784,705,79,87,121,0.9080459770114943,0.9074468085106383,0.973936170212766,0.9,0.9,0.9148936170212766,0.05876489728689194,0.010203039273619652,0.048561856150627136,0.01819923333823681,0.4021488130092621,nan,nan,nan,nan,nan,0.1471870094537735,-0.0,-0.0,-0.0,none,none,0.0,0.1,20,0.02,0.05,0.5,4,36,5.130007769912481,,,,,,,,,,,,,,
C0_baseline,0,5,784,705,79,87,76,0.8505747126436781,0.8393617021276596,0.9292553191489361,0.8115942028985508,0.7,0.9787234042553191,0.0626135766506195,0.043820783495903015,0.01879279315471649,0.010536398738622665,0.38123416900634766,nan,nan,nan,nan,nan,0.32089507579803467,-0.0,-0.0,-0.0,none,none,0.0,0.1,20,0.02,0.05,0.5,4,36,3.9447270706295967,,,,,,,,,,,,,,
C0_baseline,0,6,784,705,79,87,158,0.9310344827586207,0.9287234042553192,0.9563829787234043,0.9230769230769231,0.9,0.9574468085106383,0.2973710894584656,0.08848192542791367,0.2088891565799713,0.0277777761220932,0.35470426082611084,nan,nan,nan,nan,nan,0.1824047863483429,-0.0,-0.0,-0.0,none,none,0.0,0.1,20,0.02,0.05,0.5,4,36,6.217304904013872,,,,,,,,,,,,,,
C0_baseline,0,7,784,705,79,87,82,0.9080459770114943,0.9111702127659574,0.9563829787234043,0.9047619047619048,0.95,0.8723404255319149,0.061487507075071335,0.053214769810438156,0.008272737264633179,0.014367816969752312,0.41491663455963135,nan,nan,nan,nan,nan,0.2632628381252289,-0.0,-0.0,-0.0,none,none,0.0,0.1,20,0.02,0.05,0.5,4,36,4.071478977799416,,,,,,,,,,,,,,
C0_baseline,0,8,784,705,79,87,73,0.896551724137931,0.9042553191489362,0.9409574468085107,0.898876404494382,1.0,0.8085106382978723,0.011380656622350216,0.013626011088490486,-0.0022453544661402702,0.014367816969752312,0.3303189277648926,nan,nan,nan,nan,nan,0.3076421618461609,0.0,0.0,0.0,none,none,0.0,0.1,20,0.02,0.05,0.5,4,36,3.781146675348282,,,,,,,,,,,,,,
C0_baseline,0,9,784,705,79,87,112,0.6436781609195402,0.6460106382978723,0.698404255319149,0.6352941176470589,0.675,0.6170212765957447,0.09756427258253098,0.03866659849882126,0.05889767408370972,0.017241379246115685,0.3693498969078064,nan,nan,nan,nan,nan,0.15104223787784576,0.0,0.0,0.0,none,none,0.0,0.1,20,0.02,0.05,0.5,4,36,5.0531522035598755,,,,,,,,,,,,,,
C0_baseline,0,10,784,705,79,87,145,0.7011494252873564,0.701063829787234,0.7218085106382979,0.6829268292682926,0.7,0.7021276595744681,0.2356257140636444,0.0376046821475029,0.1980210244655609,0.029693489894270897,0.3194863200187683,nan,nan,nan,nan,nan,0.08986727148294449,-0.0,-0.0,-0.0,none,none,0.0,0.1,20,0.02,0.05,0.5,4,36,6.066127255558968,,,,,,,,,,,,,,
C0_baseline,1,1,783,704,79,88,78,0.8409090909090909,0.832381940840685,0.8884276076803321,0.8055555555555556,0.7073170731707317,0.9574468085106383,-0.00647801673039794,-0.019639668986201286,0.01316165179014206,0.014204546809196472,0.3945837914943695,nan,nan,nan,nan,nan,0.2920527458190918,0.0,0.0,0.0,none,none,0.0,0.1,20,0.02,0.05,0.5,4,36,7.1171512976288795,,,,,,,,,,,,,,
C0_baseline,1,2,784,705,79,87,139,0.9310344827586207,0.9294803817603394,0.9655355249204665,0.9249999999999999,0.9024390243902439,0.9565217391304348,0.13774821162223816,0.05672613903880119,0.08102206885814667,0.02107279561460018,0.40413326025009155,nan,nan,nan,nan,nan,0.1918068677186966,-0.0,-0.0,-0.0,none,none,0.0,0.1,20,0.02,0.05,0.5,4,36,5.197173949331045,,,,,,,,,,,,,,
C0_baseline,1,3,784,705,79,87,81,0.7701149425287356,0.7627253446447508,0.8048780487804879,0.7222222222222222,0.6341463414634146,0.8913043478260869,0.0780065655708313,0.06925421953201294,0.00875234603881836,0.015325671061873436,0.37674495577812195,nan,nan,nan,nan,nan,0.37707895040512085,0.0,0.0,0.0,none,none,0.0,0.1,20,0.02,0.05,0.5,4,36,3.584006141871214,,,,,,,,,,,,,,
C0_baseline,1,4,784,705,79,87,109,0.8620689655172413,0.8611702127659575,0.9164893617021277,0.85,0.85,0.8723404255319149,0.07475927472114563,0.04696024954319,0.027799025177955627,0.018199235200881958,0.44438570737838745,nan,nan,nan,nan,nan,0.2519456148147583,-0.0,-0.0,-0.0,none,none,0.0,0.1,20,0.02,0.05,0.5,4,36,4.48394824936986,,,,,,,,,,,,,,
C0_baseline,1,5,784,705,79,87,96,0.8160919540229885,0.8186170212765957,0.902659574468085,0.8095238095238095,0.85,0.7872340425531915,0.06304779648780823,0.033352188766002655,0.029695607721805573,0.01149425283074379,0.35348543524742126,nan,nan,nan,nan,nan,0.22210440039634705,0.0,0.0,0.0,none,none,0.0,0.1,20,0.02,0.05,0.5,4,36,4.234164457768202,,,,,,,,,,,,,,
C0_baseline,1,6,784,705,79,87,142,0.8390804597701149,0.8305851063829788,0.8585106382978724,0.8055555555555555,0.725,0.9361702127659575,0.2914769649505615,0.09842215478420258,0.19305481016635895,0.028735633939504623,0.34693512320518494,nan,nan,nan,nan,nan,0.12448065727949142,-0.0,-0.0,-0.0,none,none,0.0,0.1,20,0.02,0.05,0.5,4,36,5.56121376529336,,,,,,,,,,,,,,
C0_baseline,1,7,784,705,79,87,85,0.8390804597701149,0.8305851063829788,0.8962765957446808,0.8055555555555555,0.725,0.9361702127659575,0.028312668204307556,0.01098316814750433,0.017329499125480652,0.012452106922864914,0.3542892336845398,nan,nan,nan,nan,nan,0.2886585295200348,0.0,0.0,0.0,none,none,0.0,0.1,20,0.02,0.05,0.5,4,36,3.877800978720188,,,,,,,,,,,,,,
C0_baseline,1,8,784,705,79,87,140,0.8505747126436781,0.8468085106382979,0.9079787234042553,0.8311688311688312,0.8,0.8936170212765957,0.14160721004009247,0.037547431886196136,0.10405977815389633,0.02298850566148758,0.3778091073036194,nan,nan,nan,nan,nan,0.21102599799633026,0.0,0.0,0.0,none,none,0.0,0.1,20,0.02,0.05,0.5,4,36,5.499154035001993,,,,,,,,,,,,,,
C0_baseline,1,9,784,705,79,87,77,0.7241379310344828,0.7204787234042553,0.8101063829787235,0.6923076923076923,0.675,0.7659574468085106,0.04714649170637131,0.052748680114746094,-0.005602188408374786,0.008620689623057842,0.3949396312236786,nan,nan,nan,nan,nan,0.4291956126689911,-0.0,-0.0,-0.0,none,none,0.0,0.1,20,0.02,0.05,0.5,4,36,3.509079061448574,,,,,,,,,,,,,,
C0_baseline,1,10,784,705,79,87,161,0.8505747126436781,0.850531914893617,0.8832446808510638,0.8395061728395061,0.85,0.851063829787234,0.22903548181056976,0.06456819921731949,0.16446727514266968,0.029693488031625748,0.3559032380580902,nan,nan,nan,nan,nan,0.10328316688537598,-0.0,-0.0,-0.0,none,none,0.0,0.1,20,0.02,0.05,0.5,4,36,5.846334982663393,,,,,,,,,,,,,,
C0_baseline,2,1,783,704,79,88,106,0.75,0.751946030098599,0.8655941878567721,0.7441860465116279,0.7804878048780488,0.723404255319149,0.037469737231731415,0.006283867172896862,0.031185869127511978,0.017045455053448677,0.31974145770072937,nan,nan,nan,nan,nan,0.17338933050632477,-0.0,-0.0,-0.0,none,none,0.0,0.1,20,0.02,0.05,0.5,4,36,9.133777223527431,,,,,,,,,,,,,,
C0_baseline,2,2,784,705,79,87,135,0.896551724137931,0.8981972428419936,0.9374337221633087,0.8941176470588236,0.926829268292683,0.8695652173913043,0.16972383856773376,0.0336424857378006,0.13608135282993317,0.022030651569366455,0.4207226037979126,nan,nan,nan,nan,nan,0.16670183837413788,-0.0,-0.0,-0.0,none,none,0.0,0.1,20,0.02,0.05,0.5,4,36,5.878926690667868,,,,,,,,,,,,,,
C0_baseline,2,3,784,705,79,87,109,0.8505747126436781,0.8467656415694591,0.9045599151643691,0.8311688311688312,0.7804878048780488,0.9130434782608695,0.10545074939727783,0.027701515704393387,0.07774923741817474,0.014367816969752312,0.4132319688796997,nan,nan,nan,nan,nan,0.20669442415237427,0.0,0.0,0.0,none,none,0.0,0.1,20,0.02,0.05,0.5,4,36,5.127213932573795,,,,,,,,,,,,,,
C0_baseline,2,4,784,705,79,87,99,0.8620689655172413,0.8611702127659575,0.8813829787234042,0.85,0.85,0.8723404255319149,-0.01066586934030056,-0.043166376650333405,0.032500505447387695,0.026819925755262375,0.42113053798675537,nan,nan,nan,nan,nan,0.26354455947875977,0.0,0.0,0.0,none,none,0.0,0.1,20,0.02,0.05,0.5,4,36,4.733691159635782,,,,,,,,,,,,,,
C0_baseline,2,5,784,705,79,87,88,0.8505747126436781,0.8393617021276596,0.8829787234042553,0.8115942028985508,0.7,0.9787234042553191,0.0380760058760643,0.002773962914943695,0.035302042961120605,0.02586207166314125,0.3650878071784973,nan,nan,nan,nan,nan,0.20410554111003876,-0.0,-0.0,-0.0,none,none,0.0,0.1,20,0.02,0.05,0.5,4,36,4.66986732929945,,,,,,,,,,,,,,
C0_baseline,2,6,784,705,79,87,173,0.8275862068965517,0.8218085106382979,0.8632978723404255,0.7999999999999999,0.75,0.8936170212765957,0.3101155757904053,0.08631254732608795,0.22380302846431732,0.019157089293003082,0.3167838454246521,nan,nan,nan,nan,nan,0.23780612647533417,-0.0,-0.0,-0.0,none,none,0.0,0.1,20,0.02,0.05,0.5,4,36,7.034842371940613,,,,,,,,,,,,,,
C0_baseline,2,7,784,705,79,87,105,0.8390804597701149,0.8305851063829788,0.9138297872340426,0.8055555555555555,0.725,0.9361702127659575,0.07611432671546936,0.023178836330771446,0.052935488522052765,0.02298850566148758,0.42532414197921753,nan,nan,nan,nan,nan,0.2646975517272949,0.0,0.0,0.0,none,none,0.0,0.1,20,0.02,0.05,0.5,4,36,4.91864251345396,,,,,,,,,,,,,,
C0_baseline,2,8,784,705,79,87,89,0.8505747126436781,0.8523936170212766,0.8888297872340426,0.8433734939759036,0.875,0.8297872340425532,0.0898483619093895,0.05415232107043266,0.03569604083895683,0.015325671061873436,0.37500131130218506,nan,nan,nan,nan,nan,0.27208080887794495,-0.0,-0.0,-0.0,none,none,0.0,0.1,20,0.02,0.05,0.5,4,36,4.530046600848436,,,,,,,,,,,,,,
C0_baseline,2,9,784,705,79,87,134,0.8620689655172413,0.8686170212765958,0.9430851063829788,0.8636363636363635,0.95,0.7872340425531915,0.1546373963356018,0.07823552936315536,0.07640186697244644,0.02298850566148758,0.39420267939567566,nan,nan,nan,nan,nan,0.19228129088878632,-0.0,-0.0,-0.0,none,none,0.0,0.1,20,0.02,0.05,0.5,4,36,5.769755855202675,,,,,,,,,,,,,,
C0_baseline,2,10,784,705,79,87,93,0.9195402298850575,0.9125,0.9276595744680851,0.9041095890410958,0.825,1.0,0.10897349566221237,0.06780748069286346,0.04116601496934891,0.019157089293003082,0.3923960328102112,nan,nan,nan,nan,nan,0.2479192465543747,-0.0,-0.0,-0.0,none,none,0.0,0.1,20,0.02,0.05,0.5,4,36,4.3970049396157265,,,,,,,,,,,,,,
C1_global_pair,0,1,783,704,79,88,132,0.8636363636363636,0.8676699532952776,0.9626362221069019,0.8636363636363636,0.926829268292683,0.8085106382978723,0.3356500566005707,0.027688324451446533,0.30796173214912415,0.15909092128276825,0.22910504043102264,nan,nan,nan,nan,nan,0.1604689508676529,0.760865330696106,0.0,0.0,global,pair_nce,0.2,0.1,20,0.02,0.05,0.5,4,36,9.80060675740242,,,,,,,,,,,,,,
C1_global_pair,0,2,784,705,79,87,189,0.8620689655172413,0.8589607635206786,0.9347826086956521,0.8461538461538461,0.8048780487804879,0.9130434782608695,0.28262707591056824,0.0602550208568573,0.22237205505371094,0.13697318732738495,0.32208216190338135,nan,nan,nan,nan,nan,0.295436829328537,0.8282591700553894,-0.0,-0.0,global,pair_nce,0.2,0.1,20,0.02,0.05,0.5,4,36,8.026500768959522,,,,,,,,,,,,,,
C1_global_pair,0,3,784,705,79,87,77,0.8275862068965517,0.8263520678685048,0.8976670201484623,0.8148148148148149,0.8048780487804879,0.8478260869565217,0.2149111032485962,0.048231661319732666,0.16667944192886353,0.11685824394226074,0.25785163044929504,nan,nan,nan,nan,nan,0.2224273681640625,0.841815173625946,0.0,0.0,global,pair_nce,0.2,0.1,20,0.02,0.05,0.5,4,36,4.264372613281012,,,,,,,,,,,,,,
C1_global_pair,0,4,784,705,79,87,141,0.8735632183908046,0.8662234042553192,0.9622340425531914,0.8493150684931509,0.775,0.9574468085106383,0.3240337073802948,0.044620148837566376,0.2794135510921478,0.13601532578468323,0.27197766304016113,nan,nan,nan,nan,nan,0.17846472561359406,0.778236985206604,-0.0,-0.0,global,pair_nce,0.2,0.1,20,0.02,0.05,0.5,4,36,6.710432279855013,,,,,,,,,,,,,,
C1_global_pair,0,5,784,705,79,87,126,0.9080459770114943,0.9018617021276596,0.925,0.8918918918918919,0.825,0.9787234042553191,0.26305538415908813,0.030440695583820343,0.2326146960258484,0.13314175605773926,0.2771413326263428,nan,nan,nan,nan,nan,0.12600092589855194,0.8059772849082947,-0.0,-0.0,global,pair_nce,0.2,0.1,20,0.02,0.05,0.5,4,36,6.3159270621836185,,,,,,,,,,,,,,
C1_global_pair,0,6,784,705,79,87,132,0.9310344827586207,0.9287234042553192,0.9436170212765957,0.9230769230769231,0.9,0.9574468085106383,0.3358958959579468,0.09329602122306824,0.24259987473487854,0.1551724225282669,0.3175160884857178,nan,nan,nan,nan,nan,0.20924495160579681,0.8169270753860474,0.0,0.0,global,pair_nce,0.2,0.1,20,0.02,0.05,0.5,4,36,6.612654101103544,,,,,,,,,,,,,,
C1_global_pair,0,7,784,705,79,87,85,0.9195402298850575,0.9236702127659575,0.9664893617021276,0.9176470588235294,0.975,0.8723404255319149,0.18777339160442352,0.0251014307141304,0.16267195343971252,0.09674330055713654,0.3447880744934082,nan,nan,nan,nan,nan,0.2681996524333954,0.8534568548202515,-0.0,-0.0,global,pair_nce,0.2,0.1,20,0.02,0.05,0.5,4,36,4.887702975422144,,,,,,,,,,,,,,
C1_global_pair,0,8,784,705,79,87,166,0.9310344827586207,0.9305851063829788,0.9930851063829788,0.925,0.925,0.9361702127659575,0.3086000978946686,0.02892902120947838,0.2796710729598999,0.11973180621862411,0.27096182107925415,nan,nan,nan,nan,nan,0.26177915930747986,0.8203654289245605,0.0,0.0,global,pair_nce,0.2,0.1,20,0.02,0.05,0.5,4,36,7.8031348288059235,,,,,,,,,,,,,,
C1_global_pair,0,9,784,705,79,87,97,0.6436781609195402,0.6441489361702128,0.7228723404255318,0.6265060240963854,0.65,0.6382978723404256,0.22470402717590332,0.023270323872566223,0.2014337033033371,0.12931033968925476,0.276189923286438,nan,nan,nan,nan,nan,0.1684679388999939,0.8131814002990723,0.0,0.0,global,pair_nce,0.2,0.1,20,0.02,0.05,0.5,4,36,5.51745992153883,,,,,,,,,,,,,,
C1_global_pair,0,10,784,705,79,87,144,0.6896551724137931,0.6904255319148935,0.7167553191489362,0.674698795180723,0.7,0.6808510638297872,0.3072425127029419,0.018287137150764465,0.2889553904533386,0.15325671434402466,0.24139994382858276,nan,nan,nan,nan,nan,0.10488433390855789,0.7713879346847534,-0.0,-0.0,global,pair_nce,0.2,0.1,20,0.02,0.05,0.5,4,36,7.001203246414661,,,,,,,,,,,,,,
C1_global_pair,1,1,783,704,79,88,117,0.8977272727272727,0.8964711987545407,0.9750908147379347,0.888888888888889,0.8780487804878049,0.9148936170212766,0.2120085209608078,0.023259714245796204,0.1887488067150116,0.13257576525211334,0.3340935707092285,nan,nan,nan,nan,nan,0.1667230874300003,0.8057258129119873,-0.0,-0.0,global,pair_nce,0.2,0.1,20,0.02,0.05,0.5,4,36,9.31080986186862,,,,,,,,,,,,,,
C1_global_pair,1,2,784,705,79,87,204,0.9540229885057471,0.9538706256627784,0.9793213149522799,0.9512195121951219,0.9512195121951219,0.9565217391304348,0.3227345943450928,0.03035934828221798,0.29237523674964905,0.1503831446170807,0.3069717288017273,nan,nan,nan,nan,nan,0.19962306320667267,0.8098184466362,-0.0,-0.0,global,pair_nce,0.2,0.1,20,0.02,0.05,0.5,4,36,8.50968337059021,,,,,,,,,,,,,,
C1_global_pair,1,3,784,705,79,87,160,0.8505747126436781,0.8454400848356309,0.8817603393425238,0.8266666666666665,0.7560975609756098,0.9347826086956522,0.3835630416870117,0.04213204234838486,0.34143099188804626,0.16762453317642212,0.2294553965330124,nan,nan,nan,nan,nan,0.16181457042694092,0.7618131041526794,0.0,0.0,global,pair_nce,0.2,0.1,20,0.02,0.05,0.5,4,36,6.865180008113384,,,,,,,,,,,,,,
C1_global_pair,1,4,784,705,79,87,79,0.8275862068965517,0.8180851063829787,0.9058510638297872,0.7887323943661972,0.7,0.9361702127659575,0.15803012251853943,0.014005148783326149,0.14402496814727783,0.09003832191228867,0.3498764932155609,nan,nan,nan,nan,nan,0.3899077773094177,0.8684126138687134,0.0,0.0,global,pair_nce,0.2,0.1,20,0.02,0.05,0.5,4,36,4.51998021826148,,,,,,,,,,,,,,
C1_global_pair,1,5,784,705,79,87,117,0.8390804597701149,0.8361702127659575,0.9106382978723404,0.8205128205128205,0.8,0.8723404255319149,0.2065216302871704,-0.005200691521167755,0.21172231435775757,0.14367817342281342,0.2941240966320038,nan,nan,nan,nan,nan,0.20019672811031342,0.8066037893295288,-0.0,-0.0,global,pair_nce,0.2,0.1,20,0.02,0.05,0.5,4,36,5.53659525886178,,,,,,,,,,,,,,
C1_global_pair,1,6,784,705,79,87,126,0.8735632183908046,0.8680851063829788,0.8808510638297873,0.8533333333333333,0.8,0.9361702127659575,0.2887336015701294,0.01620643027126789,0.27252715826034546,0.15613028407096863,0.24411192536354065,nan,nan,nan,nan,nan,0.13525916635990143,0.7718307375907898,0.0,0.0,global,pair_nce,0.2,0.1,20,0.02,0.05,0.5,4,36,5.784249946475029,,,,,,,,,,,,,,
C1_global_pair,1,7,784,705,79,87,123,0.8505747126436781,0.8542553191489362,0.9308510638297873,0.8470588235294118,0.9,0.8085106382978723,0.23138901591300964,0.02461756020784378,0.20677146315574646,0.12931035459041595,0.297885000705719,nan,nan,nan,nan,nan,0.17372332513332367,0.8041986227035522,0.0,0.0,global,pair_nce,0.2,0.1,20,0.02,0.05,0.5,4,36,5.690975081175566,,,,,,,,,,,,,,
C1_global_pair,1,8,784,705,79,87,162,0.7931034482758621,0.788031914893617,0.8957446808510638,0.7631578947368423,0.725,0.851063829787234,0.2784786820411682,0.06363753974437714,0.21484114229679108,0.12068965286016464,0.29563701152801514,nan,nan,nan,nan,nan,0.19640196859836578,0.8313998579978943,0.0,0.0,global,pair_nce,0.2,0.1,20,0.02,0.05,0.5,4,36,7.320618879050016,,,,,,,,,,,,,,
C1_global_pair,1,9,784,705,79,87,155,0.7816091954022989,0.7904255319148936,0.8702127659574468,0.7912087912087913,0.9,0.6808510638297872,0.3577326238155365,0.09947364032268524,0.25825899839401245,0.13026820123195648,0.2974355220794678,nan,nan,nan,nan,nan,0.22655819356441498,0.8378913402557373,0.0,0.0,global,pair_nce,0.2,0.1,20,0.02,0.05,0.5,4,36,7.013581603765488,,,,,,,,,,,,,,
C1_global_pair,1,10,784,705,79,87,160,0.8505747126436781,0.8542553191489362,0.8819148936170214,0.8470588235294118,0.9,0.8085106382978723,0.3963967263698578,0.04083291441202164,0.35556381940841675,0.11973179876804352,0.26478111743927,nan,nan,nan,nan,nan,0.12132249772548676,0.8337205648422241,-0.0,-0.0,global,pair_nce,0.2,0.1,20,0.02,0.05,0.5,4,36,7.248619124293327,,,,,,,,,,,,,,
C1_global_pair,2,1,783,704,79,88,134,0.8181818181818182,0.8204462895692787,0.879605604566684,0.8139534883720929,0.8536585365853658,0.7872340425531915,0.19841508567333221,-0.00700816884636879,0.2054232507944107,0.12310606241226196,0.3296336829662323,nan,nan,nan,nan,nan,0.2451200634241104,0.8236095309257507,-0.0,-0.0,global,pair_nce,0.2,0.1,20,0.02,0.05,0.5,4,36,11.408409863710403,,,,,,,,,,,,,,
C1_global_pair,2,2,784,705,79,87,145,0.9080459770114943,0.9077412513255567,0.9639448568398727,0.9024390243902439,0.9024390243902439,0.9130434782608695,0.3639267683029175,0.05873269960284233,0.30519407987594604,0.14559388160705566,0.21117901802062988,nan,nan,nan,nan,nan,0.17519792914390564,0.7826351523399353,-0.0,-0.0,global,pair_nce,0.2,0.1,20,0.02,0.05,0.5,4,36,6.969064023345709,,,,,,,,,,,,,,
C1_global_pair,2,3,784,705,79,87,162,0.8390804597701149,0.8358960763520679,0.9278897136797455,0.8205128205128206,0.7804878048780488,0.8913043478260869,0.2808896601200104,0.025707198306918144,0.2551824748516083,0.1149425357580185,0.2897428870201111,nan,nan,nan,nan,nan,0.3056287467479706,0.8234800100326538,0.0,0.0,global,pair_nce,0.2,0.1,20,0.02,0.05,0.5,4,36,7.657170075923204,,,,,,,,,,,,,,
C1_global_pair,2,4,784,705,79,87,115,0.8160919540229885,0.826063829787234,0.9154255319148935,0.8260869565217392,0.95,0.7021276595744681,0.22052237391471863,0.01247258298099041,0.20804978907108307,0.1551724076271057,0.2846648693084717,nan,nan,nan,nan,nan,0.24042385816574097,0.8078687191009521,0.0,0.0,global,pair_nce,0.2,0.1,20,0.02,0.05,0.5,4,36,5.930233541876078,,,,,,,,,,,,,,
C1_global_pair,2,5,784,705,79,87,74,0.8275862068965517,0.8143617021276596,0.8675531914893616,0.7761194029850746,0.65,0.9787234042553191,0.2003798484802246,0.01759282499551773,0.18278703093528748,0.11302682012319565,0.27399003505706787,nan,nan,nan,nan,nan,0.3111962080001831,0.846216082572937,-0.0,-0.0,global,pair_nce,0.2,0.1,20,0.02,0.05,0.5,4,36,4.4877737537026405,,,,,,,,,,,,,,
C1_global_pair,2,6,784,705,79,87,156,0.8620689655172413,0.8574468085106384,0.8829787234042553,0.8421052631578948,0.8,0.9148936170212766,0.3848351836204529,0.0701092928647995,0.3147258758544922,0.16379311680793762,0.22267329692840576,nan,nan,nan,nan,nan,0.1299072653055191,0.7602970004081726,-0.0,-0.0,global,pair_nce,0.2,0.1,20,0.02,0.05,0.5,4,36,7.764210809022188,,,,,,,,,,,,,,
C1_global_pair,2,7,784,705,79,87,107,0.8160919540229885,0.8037234042553192,0.8925531914893616,0.7647058823529412,0.65,0.9574468085106383,0.24288997054100037,0.02319832518696785,0.21969164907932281,0.14367815852165222,0.25994235277175903,nan,nan,nan,nan,nan,0.3168168067932129,0.7918730974197388,-0.0,-0.0,global,pair_nce,0.2,0.1,20,0.02,0.05,0.5,4,36,5.802233304828405,,,,,,,,,,,,,,
C1_global_pair,2,8,784,705,79,87,113,0.8390804597701149,0.8417553191489362,0.899468085106383,0.8333333333333334,0.875,0.8085106382978723,0.27672991156578064,0.018895037472248077,0.25783488154411316,0.13697318732738495,0.25984737277030945,nan,nan,nan,nan,nan,0.21999569237232208,0.7860962152481079,-0.0,-0.0,global,pair_nce,0.2,0.1,20,0.02,0.05,0.5,4,36,5.947566159069538,,,,,,,,,,,,,,
C1_global_pair,2,9,784,705,79,87,122,0.8390804597701149,0.8454787234042553,0.9446808510638298,0.840909090909091,0.925,0.7659574468085106,0.22251717746257782,0.01590443029999733,0.2066127508878708,0.13409963250160217,0.2970142960548401,nan,nan,nan,nan,nan,0.2190115749835968,0.7965092658996582,-0.0,-0.0,global,pair_nce,0.2,0.1,20,0.02,0.05,0.5,4,36,6.203332215547562,,,,,,,,,,,,,,
C1_global_pair,2,10,784,705,79,87,125,0.896551724137931,0.8968085106382979,0.9563829787234043,0.888888888888889,0.9,0.8936170212765957,0.2836249768733978,0.018797367811203003,0.2648276090621948,0.13984674215316772,0.2731882929801941,nan,nan,nan,nan,nan,0.14129677414894104,0.7736340761184692,-0.0,-0.0,global,pair_nce,0.2,0.1,20,0.02,0.05,0.5,4,36,6.592321194708347,,,,,,,,,,,,,,
C2_global_hybrid_medium,0,1,783,704,79,88,106,0.8522727272727273,0.8554748313440581,0.9330565646081993,0.8505747126436782,0.9024390243902439,0.8085106382978723,0.3050168454647064,0.0918005108833313,0.21321633458137512,0.10700757801532745,0.20221517980098724,nan,nan,nan,nan,nan,0.17942999303340912,0.5193904638290405,0.0,0.0,global,hybrid,0.2,0.1,20,0.02,0.05,0.5,4,36,16.917012259364128,,,,,,,,,,,,,,
C2_global_hybrid_medium,0,2,784,705,79,87,100,0.8505747126436781,0.8441145281018028,0.8647932131495228,0.821917808219178,0.7317073170731707,0.9565217391304348,0.2595785856246948,0.08463865518569946,0.17493993043899536,0.09482759237289429,0.2413243055343628,nan,nan,nan,nan,nan,0.21319514513015747,0.5625362396240234,-0.0,-0.0,global,hybrid,0.2,0.1,20,0.02,0.05,0.5,4,36,13.414516683667898,,,,,,,,,,,,,,
C2_global_hybrid_medium,0,3,784,705,79,87,119,0.8390804597701149,0.8372216330858961,0.9072110286320255,0.8250000000000001,0.8048780487804879,0.8695652173913043,0.27251094579696655,0.06109514459967613,0.21141579747200012,0.08908046782016754,0.234817773103714,nan,nan,nan,nan,nan,0.1499805897474289,0.5390554070472717,0.0,0.0,global,hybrid,0.2,0.1,20,0.02,0.05,0.5,4,36,15.132234945893288,,,,,,,,,,,,,,
C2_global_hybrid_medium,0,4,784,705,79,87,141,0.896551724137931,0.8930851063829788,0.9468085106382979,0.8831168831168831,0.85,0.9361702127659575,0.5039376616477966,0.19830068945884705,0.3056369721889496,0.11877395957708359,0.17187032103538513,nan,nan,nan,nan,nan,0.12770512700080872,0.5038921236991882,-0.0,-0.0,global,hybrid,0.2,0.1,20,0.02,0.05,0.5,4,36,16.92832985520363,,,,,,,,,,,,,,
C2_global_hybrid_medium,0,5,784,705,79,87,81,0.8735632183908046,0.8662234042553192,0.9404255319148936,0.8493150684931509,0.775,0.9574468085106383,0.23261776566505432,0.08723583817481995,0.14538192749023438,0.07471264898777008,0.2549326419830322,nan,nan,nan,nan,nan,0.24876026809215546,0.5656298398971558,0.0,0.0,global,hybrid,0.2,0.1,20,0.02,0.05,0.5,4,36,11.821758687496185,,,,,,,,,,,,,,
C2_global_hybrid_medium,0,6,784,705,79,87,134,0.9310344827586207,0.9287234042553192,0.9702127659574468,0.9230769230769231,0.9,0.9574468085106383,0.40931272506713867,0.14334586262702942,0.26596686244010925,0.11590038239955902,0.2111213505268097,nan,nan,nan,nan,nan,0.2001952826976776,0.5186077356338501,0.0,0.0,global,hybrid,0.2,0.1,20,0.02,0.05,0.5,4,36,15.8915975689888,,,,,,,,,,,,,,
C2_global_hybrid_medium,0,7,784,705,79,87,98,0.9080459770114943,0.9111702127659574,0.9691489361702128,0.9047619047619048,0.95,0.8723404255319149,0.23480796813964844,0.06109435483813286,0.17371360957622528,0.0833333358168602,0.25506967306137085,nan,nan,nan,nan,nan,0.1786331683397293,0.5522359609603882,0.0,0.0,global,hybrid,0.2,0.1,20,0.02,0.05,0.5,4,36,12.475726466625929,,,,,,,,,,,,,,
C2_global_hybrid_medium,0,8,784,705,79,87,122,0.9540229885057471,0.9555851063829788,0.9952127659574468,0.951219512195122,0.975,0.9361702127659575,0.3143017292022705,0.07605955004692078,0.23824217915534973,0.12931035459041595,0.23822371661663055,nan,nan,nan,nan,nan,0.15146714448928833,0.5320916175842285,-0.0,-0.0,global,hybrid,0.2,0.1,20,0.02,0.05,0.5,4,36,15.0438711643219,,,,,,,,,,,,,,
C2_global_hybrid_medium,0,9,784,705,79,87,116,0.6666666666666666,0.6542553191489362,0.6856382978723404,0.5797101449275363,0.5,0.8085106382978723,0.30332309007644653,0.059511832892894745,0.2438112497329712,0.11685824394226074,0.20087824761867523,nan,nan,nan,nan,nan,0.11005569994449615,0.5357451438903809,0.0,0.0,global,hybrid,0.2,0.1,20,0.02,0.05,0.5,4,36,14.869735896587372,,,,,,,,,,,,,,
C2_global_hybrid_medium,0,10,784,705,79,87,122,0.6896551724137931,0.6885638297872341,0.698936170212766,0.6666666666666667,0.675,0.7021276595744681,0.34074974060058594,0.07417278736829758,0.26657694578170776,0.13026820123195648,0.16619232296943665,nan,nan,nan,nan,nan,0.098370760679245,0.5213162899017334,-0.0,-0.0,global,hybrid,0.2,0.1,20,0.02,0.05,0.5,4,36,15.212897568941116,,,,,,,,,,,,,,
C2_global_hybrid_medium,1,1,783,704,79,88,88,0.875,0.8736377789309808,0.9590036325895174,0.8641975308641976,0.8536585365853658,0.8936170212765957,0.1933978796005249,0.06150960177183151,0.1318882703781128,0.07102273404598236,0.278958261013031,nan,nan,nan,nan,nan,0.18326303362846375,0.5675123929977417,0.0,0.0,global,hybrid,0.2,0.1,20,0.02,0.05,0.5,4,36,16.385894257575274,,,,,,,,,,,,,,
C2_global_hybrid_medium,1,2,784,705,79,87,99,0.9310344827586207,0.9308059384941676,0.9597030752916225,0.926829268292683,0.926829268292683,0.9347826086956522,0.2830736041069031,0.08663024753332138,0.1964433491230011,0.09961685538291931,0.21775755286216736,nan,nan,nan,nan,nan,0.17677654325962067,0.5255665183067322,-0.0,-0.0,global,hybrid,0.2,0.1,20,0.02,0.05,0.5,4,36,13.556644015014172,,,,,,,,,,,,,,
C2_global_hybrid_medium,1,3,784,705,79,87,74,0.7471264367816092,0.7370095440084836,0.8308589607635207,0.6764705882352942,0.5609756097560976,0.9130434782608695,0.14507287740707397,0.026555439457297325,0.1185174360871315,0.0555555522441864,0.26574039459228516,nan,nan,nan,nan,nan,0.3869611918926239,0.591740608215332,0.0,0.0,global,hybrid,0.2,0.1,20,0.02,0.05,0.5,4,36,11.318784076720476,,,,,,,,,,,,,,
C2_global_hybrid_medium,1,4,784,705,79,87,127,0.8390804597701149,0.8343085106382979,0.8936170212765957,0.8157894736842106,0.775,0.8936170212765957,0.37007665634155273,0.08129148185253143,0.2887851595878601,0.11973179876804352,0.18340568244457245,nan,nan,nan,nan,nan,0.118111751973629,0.5169925689697266,0.0,0.0,global,hybrid,0.2,0.1,20,0.02,0.05,0.5,4,36,15.472264468669891,,,,,,,,,,,,,,
C2_global_hybrid_medium,1,5,784,705,79,87,124,0.8850574712643678,0.8805851063829787,0.9420212765957447,0.8684210526315789,0.825,0.9361702127659575,0.24036435782909393,0.0775187760591507,0.16284558176994324,0.07854406535625458,0.27967268228530884,nan,nan,nan,nan,nan,0.2531355023384094,0.5793474912643433,-0.0,-0.0,global,hybrid,0.2,0.1,20,0.02,0.05,0.5,4,36,15.314211137592793,,,,,,,,,,,,,,
C2_global_hybrid_medium,1,6,784,705,79,87,134,0.8735632183908046,0.8662234042553192,0.877127659574468,0.8493150684931509,0.775,0.9574468085106383,0.4905152916908264,0.14340947568416595,0.34710580110549927,0.11973180621862411,0.1580878049135208,nan,nan,nan,nan,nan,0.09925463795661926,0.49513500928878784,-0.0,-0.0,global,hybrid,0.2,0.1,20,0.02,0.05,0.5,4,36,16.40040024369955,,,,,,,,,,,,,,
C2_global_hybrid_medium,1,7,784,705,79,87,112,0.8390804597701149,0.8380319148936171,0.9180851063829787,0.825,0.825,0.851063829787234,0.28359559178352356,0.0688561350107193,0.21473945677280426,0.1149425357580185,0.20421618223190308,nan,nan,nan,nan,nan,0.12196321785449982,0.5269081592559814,0.0,0.0,global,hybrid,0.2,0.1,20,0.02,0.05,0.5,4,36,14.386587094515562,,,,,,,,,,,,,,
C2_global_hybrid_medium,1,8,784,705,79,87,138,0.7701149425287356,0.7686170212765957,0.8893617021276595,0.75,0.75,0.7872340425531915,0.2038213014602661,0.035537734627723694,0.16828356683254242,0.07662835717201233,0.29781830310821533,nan,nan,nan,nan,nan,0.4163379669189453,0.6042222380638123,0.0,0.0,global,hybrid,0.2,0.1,20,0.02,0.05,0.5,4,36,17.146673925220966,,,,,,,,,,,,,,
C2_global_hybrid_medium,1,9,784,705,79,87,122,0.8620689655172413,0.8648936170212767,0.8888297872340426,0.8571428571428572,0.9,0.8297872340425532,0.33073392510414124,0.12258154153823853,0.2081523835659027,0.1149425357580185,0.2282140702009201,nan,nan,nan,nan,nan,0.19022294878959656,0.5388095378875732,0.0,0.0,global,hybrid,0.2,0.1,20,0.02,0.05,0.5,4,36,15.568363025784492,,,,,,,,,,,,,,
C2_global_hybrid_medium,1,10,784,705,79,87,131,0.8505747126436781,0.8486702127659574,0.8898936170212766,0.8354430379746836,0.825,0.8723404255319149,0.3930912911891937,0.07245665788650513,0.3206346333026886,0.10153257101774216,0.17128750681877136,nan,nan,nan,nan,nan,0.10137931257486343,0.5066648721694946,0.0,0.0,global,hybrid,0.2,0.1,20,0.02,0.05,0.5,4,36,15.866927973926067,,,,,,,,,,,,,,
C2_global_hybrid_medium,2,1,783,704,79,88,110,0.7045454545454546,0.7125064867669952,0.8443175921120913,0.723404255319149,0.8292682926829268,0.5957446808510638,0.28806638717651367,0.10654394328594208,0.1815224438905716,0.09375,0.2434319257736206,nan,nan,nan,nan,nan,0.2547817528247833,0.5605199933052063,-0.0,-0.0,global,hybrid,0.2,0.1,20,0.02,0.05,0.5,4,36,18.708882946521044,,,,,,,,,,,,,,
C2_global_hybrid_medium,2,2,784,705,79,87,135,0.8850574712643678,0.8833510074231177,0.968186638388123,0.875,0.8536585365853658,0.9130434782608695,0.3285186290740967,0.07771231234073639,0.2508063316345215,0.10632184147834778,0.21990680694580078,nan,nan,nan,nan,nan,0.24350789189338684,0.5331527590751648,-0.0,-0.0,global,hybrid,0.2,0.1,20,0.02,0.05,0.5,4,36,15.567761424928904,,,,,,,,,,,,,,
C2_global_hybrid_medium,2,3,784,705,79,87,77,0.8045977011494253,0.7993107104984093,0.8838812301166489,0.7733333333333334,0.7073170731707317,0.8913043478260869,0.17949041724205017,0.029505085200071335,0.14998532831668854,0.08812260627746582,0.22925573587417603,nan,nan,nan,nan,nan,0.26231953501701355,0.5572832226753235,0.0,0.0,global,hybrid,0.2,0.1,20,0.02,0.05,0.5,4,36,10.96489803865552,,,,,,,,,,,,,,
C2_global_hybrid_medium,2,4,784,705,79,87,107,0.8045977011494253,0.8117021276595745,0.8920212765957447,0.8089887640449438,0.9,0.723404255319149,0.3126988112926483,0.09649746119976044,0.21620135009288788,0.10919540375471115,0.22152261435985565,nan,nan,nan,nan,nan,0.23220673203468323,0.5413384437561035,-0.0,-0.0,global,hybrid,0.2,0.1,20,0.02,0.05,0.5,4,36,13.507410183548927,,,,,,,,,,,,,,
C2_global_hybrid_medium,2,5,784,705,79,87,85,0.8505747126436781,0.8393617021276596,0.8872340425531915,0.8115942028985508,0.7,0.9787234042553191,0.1987379640340805,0.020984632894396782,0.17775332927703857,0.10440613329410553,0.24102482199668884,nan,nan,nan,nan,nan,0.22253258526325226,0.5614156723022461,-0.0,-0.0,global,hybrid,0.2,0.1,20,0.02,0.05,0.5,4,36,11.600861709564924,,,,,,,,,,,,,,
C2_global_hybrid_medium,2,6,784,705,79,87,141,0.8620689655172413,0.8611702127659575,0.8930851063829787,0.85,0.85,0.8723404255319149,0.3343059718608856,0.08772154152393341,0.2465844303369522,0.11206896603107452,0.20999091863632202,nan,nan,nan,nan,nan,0.17143069207668304,0.5333660840988159,0.0,0.0,global,hybrid,0.2,0.1,20,0.02,0.05,0.5,4,36,16.075249813497066,,,,,,,,,,,,,,
C2_global_hybrid_medium,2,7,784,705,79,87,130,0.8275862068965517,0.8162234042553191,0.9138297872340426,0.7826086956521738,0.675,0.9574468085106383,0.48010537028312683,0.1720481514930725,0.3080572187900543,0.12547892332077026,0.15363876521587372,nan,nan,nan,nan,nan,0.18194152414798737,0.48881083726882935,0.0,0.0,global,hybrid,0.2,0.1,20,0.02,0.05,0.5,4,36,14.916716422885656,,,,,,,,,,,,,,
C2_global_hybrid_medium,2,8,784,705,79,87,101,0.8620689655172413,0.863031914893617,0.8835106382978722,0.8536585365853658,0.875,0.851063829787234,0.29423069953918457,0.07092632353305817,0.2233043760061264,0.08429118245840073,0.212674081325531,nan,nan,nan,nan,nan,0.19631709158420563,0.5319796204566956,-0.0,-0.0,global,hybrid,0.2,0.1,20,0.02,0.05,0.5,4,36,12.92730725184083,,,,,,,,,,,,,,
C2_global_hybrid_medium,2,9,784,705,79,87,148,0.8850574712643678,0.8898936170212766,0.926063829787234,0.8837209302325583,0.95,0.8297872340425532,0.5121757388114929,0.12709717452526093,0.3850785493850708,0.13601534068584442,0.1494777798652649,nan,nan,nan,nan,nan,0.12393262982368469,0.48163262009620667,-0.0,-0.0,global,hybrid,0.2,0.1,20,0.02,0.05,0.5,4,36,17.24484135210514,,,,,,,,,,,,,,
C2_global_hybrid_medium,2,10,784,705,79,87,141,0.9195402298850575,0.9218085106382978,0.9611702127659575,0.9156626506024096,0.95,0.8936170212765957,0.4511716067790985,0.1464851051568985,0.3046864867210388,0.09386973828077316,0.20226240158081055,nan,nan,nan,nan,nan,0.12168978154659271,0.5071541666984558,0.0,0.0,global,hybrid,0.2,0.1,20,0.02,0.05,0.5,4,36,15.74890735000372,,,,,,,,,,,,,,
C3_global_hybrid_strong,0,1,783,704,79,88,152,0.9090909090909091,0.9102231447846394,0.9652309289050338,0.9047619047619047,0.926829268292683,0.8936170212765957,0.5342723727226257,0.07209870964288712,0.4621736705303192,0.26231062412261963,0.10494288802146912,nan,nan,nan,nan,nan,0.13736771047115326,0.3805270493030548,0.0,0.0,global,hybrid,0.5,0.1,20,0.02,0.05,0.5,4,36,20.361375905573368,,,,,,,,,,,,,,
C3_global_hybrid_strong,0,2,784,705,79,87,126,0.8620689655172413,0.8616118769883351,0.9316012725344645,0.8536585365853658,0.8536585365853658,0.8695652173913043,0.47814926505088806,0.05395927280187607,0.4241899847984314,0.25,0.11686369776725769,nan,nan,nan,nan,nan,0.15091292560100555,0.3986087441444397,-0.0,-0.0,global,hybrid,0.5,0.1,20,0.02,0.05,0.5,4,36,14.52883355692029,,,,,,,,,,,,,,
C3_global_hybrid_strong,0,3,784,705,79,87,119,0.8620689655172413,0.8616118769883351,0.9284199363732768,0.8536585365853658,0.8536585365853658,0.8695652173913043,0.4589933753013611,0.07017895579338074,0.38881441950798035,0.22413794696331024,0.12016459554433823,nan,nan,nan,nan,nan,0.12917719781398773,0.3987090289592743,0.0,0.0,global,hybrid,0.5,0.1,20,0.02,0.05,0.5,4,36,13.851926408708096,,,,,,,,,,,,,,
C3_global_hybrid_strong,0,4,784,705,79,87,133,0.9080459770114943,0.9037234042553192,0.9638297872340426,0.8947368421052632,0.85,0.9574468085106383,0.5006764531135559,0.09363856911659241,0.4070378839969635,0.23180076479911804,0.14174357056617737,nan,nan,nan,nan,nan,0.1965877115726471,0.412759929895401,-0.0,-0.0,global,hybrid,0.5,0.1,20,0.02,0.05,0.5,4,36,15.055116649717093,,,,,,,,,,,,,,
C3_global_hybrid_strong,0,5,784,705,79,87,123,0.8850574712643678,0.8768617021276596,0.9382978723404255,0.8611111111111113,0.775,0.9787234042553191,0.45904478430747986,0.07934360206127167,0.3797011971473694,0.2385057508945465,0.1300603598356247,nan,nan,nan,nan,nan,0.14003317058086395,0.41524237394332886,0.0,0.0,global,hybrid,0.5,0.1,20,0.02,0.05,0.5,4,36,14.474363289773464,,,,,,,,,,,,,,
C3_global_hybrid_strong,0,6,784,705,79,87,130,0.9195402298850575,0.9162234042553192,0.9473404255319149,0.9090909090909091,0.875,0.9574468085106383,0.5737669467926025,0.10558910667896271,0.468177855014801,0.32279694080352783,0.10363563150167465,nan,nan,nan,nan,nan,0.20428067445755005,0.3796389698982239,0.0,0.0,global,hybrid,0.5,0.1,20,0.02,0.05,0.5,4,36,14.747883971780539,,,,,,,,,,,,,,
C3_global_hybrid_strong,0,7,784,705,79,87,89,0.9080459770114943,0.9111702127659574,0.9627659574468084,0.9047619047619048,0.95,0.8723404255319149,0.36728256940841675,0.06088139861822128,0.30640116333961487,0.1781609058380127,0.1769646406173706,nan,nan,nan,nan,nan,0.2232593297958374,0.45689526200294495,0.0,0.0,global,hybrid,0.5,0.1,20,0.02,0.05,0.5,4,36,11.381124451756477,,,,,,,,,,,,,,
C3_global_hybrid_strong,0,8,784,705,79,87,114,0.9425287356321839,0.9449468085106383,0.9925531914893617,0.9397590361445783,0.975,0.9148936170212766,0.402130126953125,0.045855067670345306,0.3562750518321991,0.229885071516037,0.1469479203224182,nan,nan,nan,nan,nan,0.17828816175460815,0.4222014844417572,0.0,0.0,global,hybrid,0.5,0.1,20,0.02,0.05,0.5,4,36,14.670280300080776,,,,,,,,,,,,,,
C3_global_hybrid_strong,0,9,784,705,79,87,88,0.7011494252873564,0.6917553191489361,0.6898936170212766,0.6388888888888888,0.575,0.8085106382978723,0.36768028140068054,0.06152385473251343,0.3061564266681671,0.19636015594005585,0.1260630339384079,nan,nan,nan,nan,nan,0.14986246824264526,0.44076740741729736,-0.0,-0.0,global,hybrid,0.5,0.1,20,0.02,0.05,0.5,4,36,11.75175354629755,,,,,,,,,,,,,,
C3_global_hybrid_strong,0,10,784,705,79,87,108,0.7126436781609196,0.7079787234042554,0.7319148936170212,0.6753246753246753,0.65,0.7659574468085106,0.39771804213523865,0.0792304277420044,0.31848761439323425,0.21743294596672058,0.1498241424560547,nan,nan,nan,nan,nan,0.1682618409395218,0.45031750202178955,-0.0,-0.0,global,hybrid,0.5,0.1,20,0.02,0.05,0.5,4,36,13.337299764156342,,,,,,,,,,,,,,
C3_global_hybrid_strong,1,1,783,704,79,88,134,0.875,0.8705241307732227,0.9387649195640894,0.8571428571428571,0.8048780487804879,0.9361702127659575,0.4937478005886078,0.14336925745010376,0.35037854313850403,0.2083333432674408,0.14466504752635956,nan,nan,nan,nan,nan,0.1485271006822586,0.414809912443161,-0.0,-0.0,global,hybrid,0.5,0.1,20,0.02,0.05,0.5,4,36,20.615075439214706,,,,,,,,,,,,,,
C3_global_hybrid_strong,1,2,784,705,79,87,160,0.9310344827586207,0.9294803817603394,0.9787910922587487,0.9249999999999999,0.9024390243902439,0.9565217391304348,0.6074844598770142,0.15150803327560425,0.4559764266014099,0.3170498013496399,0.12459166347980499,nan,nan,nan,nan,nan,0.19038911163806915,0.39352157711982727,-0.0,-0.0,global,hybrid,0.5,0.1,20,0.02,0.05,0.5,4,36,18.581649851053953,,,,,,,,,,,,,,
C3_global_hybrid_strong,1,3,784,705,79,87,97,0.8275862068965517,0.8210498409331919,0.8685047720042419,0.7945205479452054,0.7073170731707317,0.9347826086956522,0.36957645416259766,0.03896224498748779,0.33061420917510986,0.20114943385124207,0.13300222158432007,nan,nan,nan,nan,nan,0.179386705160141,0.4310063421726227,0.0,0.0,global,hybrid,0.5,0.1,20,0.02,0.05,0.5,4,36,12.957381870597601,,,,,,,,,,,,,,
C3_global_hybrid_strong,1,4,784,705,79,87,115,0.8390804597701149,0.8343085106382979,0.9191489361702128,0.8157894736842106,0.775,0.8936170212765957,0.40700554847717285,0.05009486526250839,0.35691067576408386,0.20977012813091278,0.1530580371618271,nan,nan,nan,nan,nan,0.21167249977588654,0.44019508361816406,0.0,0.0,global,hybrid,0.5,0.1,20,0.02,0.05,0.5,4,36,14.371217839419842,,,,,,,,,,,,,,
C3_global_hybrid_strong,1,5,784,705,79,87,130,0.7701149425287356,0.7816489361702128,0.8936170212765957,0.7872340425531915,0.925,0.6382978723404256,0.4656641483306885,0.17044198513031006,0.2952221632003784,0.1503831446170807,0.1775321215391159,nan,nan,nan,nan,nan,0.4560331106185913,0.4685089588165283,0.0,0.0,global,hybrid,0.5,0.1,20,0.02,0.05,0.5,4,36,15.967607915401459,,,,,,,,,,,,,,
C3_global_hybrid_strong,1,6,784,705,79,87,154,0.8160919540229885,0.8037234042553192,0.8659574468085106,0.7647058823529412,0.65,0.9574468085106383,0.5971254706382751,0.19783274829387665,0.3992927074432373,0.199233740568161,0.11657165735960007,nan,nan,nan,nan,nan,0.19576002657413483,0.43246009945869446,-0.0,-0.0,global,hybrid,0.5,0.1,20,0.02,0.05,0.5,4,36,17.848743602633476,,,,,,,,,,,,,,
C3_global_hybrid_strong,1,7,784,705,79,87,99,0.8275862068965517,0.8255319148936171,0.9324468085106383,0.810126582278481,0.8,0.851063829787234,0.3543677031993866,0.04617878422141075,0.30818891525268555,0.17337165772914886,0.14688627421855927,nan,nan,nan,nan,nan,0.1326885223388672,0.44048169255256653,0.0,0.0,global,hybrid,0.5,0.1,20,0.02,0.05,0.5,4,36,12.657639671117067,,,,,,,,,,,,,,
C3_global_hybrid_strong,1,8,784,705,79,87,122,0.8275862068965517,0.8236702127659574,0.8893617021276595,0.8051948051948051,0.775,0.8723404255319149,0.4098554253578186,0.10551498830318451,0.3043404221534729,0.1867816150188446,0.17480884492397308,nan,nan,nan,nan,nan,0.3397916555404663,0.47388023138046265,0.0,0.0,global,hybrid,0.5,0.1,20,0.02,0.05,0.5,4,36,15.123235248029232,,,,,,,,,,,,,,
C3_global_hybrid_strong,1,9,784,705,79,87,78,0.8160919540229885,0.8055851063829788,0.8132978723404256,0.7714285714285714,0.675,0.9361702127659575,0.35090845823287964,0.08202417939901352,0.2688842713832855,0.1829501837491989,0.1353592872619629,nan,nan,nan,nan,nan,0.26006537675857544,0.4571989178657532,-0.0,-0.0,global,hybrid,0.5,0.1,20,0.02,0.05,0.5,4,36,11.499107997864485,,,,,,,,,,,,,,
C3_global_hybrid_strong,1,10,784,705,79,87,147,0.8735632183908046,0.8736702127659575,0.9037234042553192,0.8641975308641976,0.875,0.8723404255319149,0.5695700645446777,0.09625522792339325,0.4733148217201233,0.31226056814193726,0.11107218265533447,nan,nan,nan,nan,nan,0.1344340294599533,0.3727831542491913,0.0,0.0,global,hybrid,0.5,0.1,20,0.02,0.05,0.5,4,36,17.084150187671185,,,,,,,,,,,,,,
C3_global_hybrid_strong,2,1,783,704,79,88,99,0.7954545454545454,0.7960560456668397,0.866632070576025,0.7857142857142858,0.8048780487804879,0.7872340425531915,0.37241730093955994,0.02704041264951229,0.3453768789768219,0.20075759291648865,0.1297137439250946,nan,nan,nan,nan,nan,0.16749410331249237,0.4286305010318756,0.0,0.0,global,hybrid,0.5,0.1,20,0.02,0.05,0.5,4,36,17.56075581163168,,,,,,,,,,,,,,
C3_global_hybrid_strong,2,2,784,705,79,87,115,0.9080459770114943,0.9077412513255567,0.9628844114528102,0.9024390243902439,0.9024390243902439,0.9130434782608695,0.4283684194087982,0.06428909301757812,0.3640793263912201,0.2145593762397766,0.12976586818695068,nan,nan,nan,nan,nan,0.1707664430141449,0.4234558641910553,-0.0,-0.0,global,hybrid,0.5,0.1,20,0.02,0.05,0.5,4,36,14.630736041814089,,,,,,,,,,,,,,
C3_global_hybrid_strong,2,3,784,705,79,87,110,0.8160919540229885,0.8101802757158005,0.928950159066808,0.7837837837837839,0.7073170731707317,0.9130434782608695,0.402910053730011,0.03709760308265686,0.3658124506473541,0.22701148688793182,0.13611850142478943,nan,nan,nan,nan,nan,0.14904025197029114,0.41885608434677124,0.0,0.0,global,hybrid,0.5,0.1,20,0.02,0.05,0.5,4,36,14.683883588761091,,,,,,,,,,,,,,
C3_global_hybrid_strong,2,4,784,705,79,87,91,0.8160919540229885,0.8148936170212766,0.8808510638297873,0.8000000000000002,0.8,0.8297872340425532,0.3222169280052185,0.0388481579720974,0.2833687663078308,0.19540230929851532,0.218509241938591,nan,nan,nan,nan,nan,0.31018051505088806,0.49559155106544495,0.0,0.0,global,hybrid,0.5,0.1,20,0.02,0.05,0.5,4,36,12.655652210116386,,,,,,,,,,,,,,
C3_global_hybrid_strong,2,5,784,705,79,87,69,0.8505747126436781,0.8393617021276596,0.8861702127659574,0.8115942028985508,0.7,0.9787234042553191,0.32700401544570923,0.04642873629927635,0.2805752754211426,0.15325671434402466,0.15367183089256287,nan,nan,nan,nan,nan,0.29377779364585876,0.46113818883895874,-0.0,-0.0,global,hybrid,0.5,0.1,20,0.02,0.05,0.5,4,36,10.92872964963317,,,,,,,,,,,,,,
C3_global_hybrid_strong,2,6,784,705,79,87,123,0.8275862068965517,0.8218085106382979,0.9079787234042552,0.7999999999999999,0.75,0.8936170212765957,0.43552058935165405,0.10604433715343475,0.3294762372970581,0.21647509932518005,0.14424453675746918,nan,nan,nan,nan,nan,0.21526627242565155,0.42737308144569397,-0.0,-0.0,global,hybrid,0.5,0.1,20,0.02,0.05,0.5,4,36,15.644791681319475,,,,,,,,,,,,,,
C3_global_hybrid_strong,2,7,784,705,79,87,99,0.8390804597701149,0.8287234042553191,0.9095744680851064,0.8,0.7,0.9574468085106383,0.3890666365623474,0.07104819267988205,0.31801843643188477,0.22318008542060852,0.14789524674415588,nan,nan,nan,nan,nan,0.34702610969543457,0.4338705539703369,-0.0,-0.0,global,hybrid,0.5,0.1,20,0.02,0.05,0.5,4,36,13.493573401123285,,,,,,,,,,,,,,
C3_global_hybrid_strong,2,8,784,705,79,87,99,0.8390804597701149,0.8417553191489362,0.8781914893617021,0.8333333333333334,0.875,0.8085106382978723,0.3879796266555786,0.03944673389196396,0.34853288531303406,0.1944444626569748,0.14252112805843353,nan,nan,nan,nan,nan,0.1732882410287857,0.42804908752441406,-0.0,-0.0,global,hybrid,0.5,0.1,20,0.02,0.05,0.5,4,36,12.89064371958375,,,,,,,,,,,,,,
C3_global_hybrid_strong,2,9,784,705,79,87,121,0.8620689655172413,0.8667553191489361,0.9462765957446808,0.8604651162790697,0.925,0.8085106382978723,0.4016703963279724,0.03422008082270622,0.3674503266811371,0.23180076479911804,0.13151217997074127,nan,nan,nan,nan,nan,0.1658201515674591,0.40732890367507935,0.0,0.0,global,hybrid,0.5,0.1,20,0.02,0.05,0.5,4,36,14.698122046887875,,,,,,,,,,,,,,
C3_global_hybrid_strong,2,10,784,705,79,87,123,0.896551724137931,0.8968085106382979,0.9675531914893617,0.888888888888889,0.9,0.8936170212765957,0.47623318433761597,0.08916465938091278,0.387068510055542,0.21934866905212402,0.13605409860610962,nan,nan,nan,nan,nan,0.16728098690509796,0.39797377586364746,-0.0,-0.0,global,hybrid,0.5,0.1,20,0.02,0.05,0.5,4,36,14.995545793324709,,,,,,,,,,,,,,
C4_selective_hybrid_medium,0,1,783,704,79,88,110,0.8068181818181818,0.8082511676180592,0.9335755059678257,0.7999999999999999,0.8292682926829268,0.7872340425531915,0.27159109711647034,0.04703869670629501,0.22455239295959473,0.09659092128276825,0.2133919894695282,0.2716180682182312,0.047031283378601074,0.22458678483963013,0.09659092128276825,0.21336162090301514,0.181074321269989,0.5195983052253723,0.999997615814209,5.85242965200905e-10,selective,hybrid,0.2,0.1,20,0.02,0.05,0.5,4,36,18.302270591259003,0.4999602437019348,0.00031450067763216794,0.5,0.5000045299530029,0.00016174766642507166,0.5,0.4999871253967285,0.00017972441855818033,0.5277777910232544,0.5000239610671997,0.0004920051433146,0.6388888955116272,0.4999939799308777,0.00031683905399404466
C4_selective_hybrid_medium,0,2,784,705,79,87,82,0.8045977011494253,0.7953340402969247,0.8462354188759278,0.7536231884057972,0.6341463414634146,0.9565217391304348,0.18705390393733978,0.05981830880045891,0.12723559141159058,0.07279693335294724,0.25298935174942017,0.18726150691509247,0.05985163897275925,0.12740987539291382,0.07279693335294724,0.25257736444473267,0.30428406596183777,0.5889096856117249,0.999989926815033,4.23219059797475e-09,selective,hybrid,0.2,0.1,20,0.02,0.05,0.5,4,36,12.04299158230424,0.49994683265686035,0.0005942973657511175,0.5584291219711304,0.4999898672103882,0.00026278526638634503,0.4722222089767456,0.5000004172325134,0.0002546141331549734,0.5833333134651184,0.5001184940338135,0.0008238675072789192,0.7777777314186096,0.5000138878822327,0.0005435447092168033
C4_selective_hybrid_medium,0,3,784,705,79,87,115,0.8620689655172413,0.8616118769883351,0.9172852598091199,0.8536585365853658,0.8536585365853658,0.8695652173913043,0.34285974502563477,0.15218548476696014,0.19067426025867462,0.08620689809322357,0.21516907215118408,0.34288284182548523,0.15210255980491638,0.19078028202056885,0.08620689809322357,0.21504710614681244,0.19284534454345703,0.5346546769142151,0.9999947547912598,1.1972675295623958e-08,selective,hybrid,0.2,0.1,20,0.02,0.05,0.5,4,36,15.02931048348546,0.49995651841163635,0.0006658670608885586,0.6388888955116272,0.5000026226043701,0.000269829120952636,0.5,0.5000010132789612,0.00037537881871685386,0.6331417560577393,0.49978554248809814,0.0006695103365927935,0.3611111044883728,0.49993646144866943,0.0005331026623025537
C4_selective_hybrid_medium,0,4,784,705,79,87,121,0.8735632183908046,0.8680851063829788,0.9718085106382979,0.8533333333333333,0.8,0.9361702127659575,0.3170391321182251,0.10296612232923508,0.21407300233840942,0.12260536849498749,0.25907886028289795,0.317240834236145,0.10285457223653793,0.2143862545490265,0.12260536849498749,0.2585446834564209,0.1867440938949585,0.5426864624023438,0.9999836087226868,1.3170209811619316e-08,selective,hybrid,0.2,0.1,20,0.02,0.05,0.5,4,36,15.91326117143035,0.499818354845047,0.0007420743932016194,0.4722222089767456,0.5000079274177551,0.00023784421500749886,0.4722222089767456,0.5000120997428894,0.0002498983812984079,0.5833333134651184,0.49986037611961365,0.0009302262333221734,0.4444444477558136,0.4999246895313263,0.0006254308973439038
C4_selective_hybrid_medium,0,5,784,705,79,87,157,0.896551724137931,0.8893617021276596,0.922872340425532,0.8767123287671234,0.8,0.9787234042553191,0.5696062445640564,0.2087719738483429,0.3608342707157135,0.12643679976463318,0.1518947333097458,0.5696632266044617,0.20890407264232635,0.3607591390609741,0.12547892332077026,0.15166454017162323,0.09847724437713623,0.49269407987594604,0.9999857544898987,2.6485924564667584e-10,selective,hybrid,0.2,0.1,20,0.02,0.05,0.5,4,36,18.91246371716261,0.5000021457672119,0.00038777460576966405,0.6111111044883728,0.4999869763851166,0.00021110197121743113,0.5277777910232544,0.5000113844871521,0.0002551462093833834,0.555555522441864,0.5000274777412415,0.000992430024780333,0.75,0.5000069737434387,0.0005580137367360294
C4_selective_hybrid_medium,0,6,784,705,79,87,140,0.9310344827586207,0.9287234042553192,0.9446808510638297,0.9230769230769231,0.9,0.9574468085106383,0.4751717448234558,0.22410140931606293,0.2510703206062317,0.0833333358168602,0.22608582675457,0.47530221939086914,0.22411659359931946,0.2511856257915497,0.08429118990898132,0.22598229348659515,0.2189970761537552,0.5417260527610779,0.9999923706054688,6.368727767380733e-10,selective,hybrid,0.2,0.1,20,0.02,0.05,0.5,4,36,17.80053024366498,0.49997788667678833,0.00046660436782985926,0.5277777910232544,0.49997812509536743,0.0003442074521444738,0.4444444477558136,0.5000298619270325,0.00036520700086839497,0.555555522441864,0.5000261664390564,0.0010624064598232508,0.6111111044883728,0.5000029802322388,0.0006325357826426625
C4_selective_hybrid_medium,0,7,784,705,79,87,103,0.9080459770114943,0.9111702127659574,0.9696808510638298,0.9047619047619048,0.95,0.8723404255319149,0.2885105609893799,0.0994381532073021,0.1890724003314972,0.09003832191228867,0.24869954586029053,0.2885932922363281,0.09939879179000854,0.18919450044631958,0.09003832191228867,0.24857184290885925,0.1915806382894516,0.5411107540130615,0.9999963045120239,2.277482646917406e-09,selective,hybrid,0.2,0.1,20,0.02,0.05,0.5,4,36,14.560870841145515,0.5000856518745422,0.0005392376915551722,0.6944444179534912,0.4999698996543884,0.0002502873830962926,0.5357598662376404,0.49998828768730164,0.00022870401153340936,0.555555522441864,0.5000270009040833,0.0004576172214001417,0.6666666269302368,0.5000177025794983,0.00039460055995732546
C4_selective_hybrid_medium,0,8,784,705,79,87,124,0.9425287356321839,0.9449468085106383,0.9925531914893617,0.9397590361445783,0.975,0.9148936170212766,0.3624747693538666,0.1519399881362915,0.21053478121757507,0.10823754966259003,0.2024630755186081,0.36252450942993164,0.15193524956703186,0.21058925986289978,0.10823754966259003,0.20239907503128052,0.18929363787174225,0.5254708528518677,0.9999971389770508,9.80727499211298e-10,selective,hybrid,0.2,0.1,20,0.02,0.05,0.5,4,36,15.73891518265009,0.5000024437904358,0.000596600235439837,0.555555522441864,0.5000073909759521,0.0002538634871598333,0.5833333134651184,0.5000095963478088,0.00022979323694016784,0.6111111044883728,0.5000613927841187,0.0006286706193350255,0.6954022645950317,0.5000202059745789,0.00046650206786580384
C4_selective_hybrid_medium,0,9,784,705,79,87,86,0.6896551724137931,0.6867021276595745,0.7430851063829786,0.6582278481012659,0.65,0.723404255319149,0.19821524620056152,0.059612758457660675,0.13860249519348145,0.0833333358168602,0.30418533086776733,0.19821426272392273,0.05957120656967163,0.1386430561542511,0.0833333358168602,0.30412527918815613,0.2669360339641571,0.6091802716255188,0.9999973773956299,1.1616552164639415e-09,selective,hybrid,0.2,0.1,20,0.02,0.05,0.5,4,36,12.260598003864288,0.4999805688858032,0.00047473618178628385,0.7222222089767456,0.4999927878379822,0.00023176040849648416,0.5833333134651184,0.4999978840351105,0.00020766459056176245,0.555555522441864,0.5000650882720947,0.00042399519588798285,0.6178160905838013,0.5000091195106506,0.00035574077628552914
C4_selective_hybrid_medium,0,10,784,705,79,87,143,0.6781609195402298,0.6797872340425531,0.698404255319149,0.6666666666666666,0.7,0.6595744680851063,0.5917930603027344,0.20268480479717255,0.38910824060440063,0.1590038388967514,0.11341699212789536,0.5918804407119751,0.2028137892484665,0.3890666365623474,0.15996168553829193,0.11330953240394592,0.08417635411024094,0.4822136163711548,0.999992847442627,3.091953360012667e-10,selective,hybrid,0.2,0.1,20,0.02,0.05,0.5,4,36,17.39392315968871,0.4999985992908478,0.0003456084232311696,0.6111111044883728,0.5000102519989014,0.00022662384435534477,0.5833333134651184,0.499995619058609,0.00018851092318072915,0.5277777910232544,0.5000332593917847,0.0007863105274736881,0.6666666269302368,0.5000094771385193,0.000454229477327317
C4_selective_hybrid_medium,1,1,783,704,79,88,81,0.8295454545454546,0.8233004670472237,0.9335755059678257,0.8,0.7317073170731707,0.9148936170212766,0.11970680952072144,0.002816642401739955,0.11689016968011856,0.059659093618392944,0.3495931625366211,0.11978749930858612,0.0028267838060855865,0.11696071922779083,0.059659093618392944,0.34942683577537537,0.3064780831336975,0.6133906245231628,0.9999969005584717,1.7513281935777059e-09,selective,hybrid,0.2,0.1,20,0.02,0.05,0.5,4,36,16.351836245507002,0.5000048279762268,0.0004668892652262002,0.5555555820465088,0.5000027418136597,0.00020513296476565301,0.5,0.5000162720680237,0.00023555227380711585,0.5277777910232544,0.4999184012413025,0.00046599688357673585,0.47159090638160706,0.49998554587364197,0.00036698009353131056
C4_selective_hybrid_medium,1,2,784,705,79,87,95,0.9310344827586207,0.9308059384941676,0.9559915164369035,0.926829268292683,0.926829268292683,0.9347826086956522,0.25260353088378906,0.07899244129657745,0.1736110895872116,0.0795019194483757,0.23363718390464783,0.2526681423187256,0.07900187373161316,0.17366626858711243,0.0795019194483757,0.2335987091064453,0.17409183084964752,0.5437954664230347,0.9999973773956299,2.1135255767745775e-09,selective,hybrid,0.2,0.1,20,0.02,0.05,0.5,4,36,14.048068646341562,0.5000901222229004,0.00044329353841021657,0.6944444179534912,0.4999943673610687,0.00026116627850569785,0.5277777910232544,0.49999064207077026,0.00028438286972232163,0.5833333134651184,0.5000142455101013,0.000568841933272779,0.6666666269302368,0.5000223517417908,0.0004109313595108688
C4_selective_hybrid_medium,1,3,784,705,79,87,115,0.8505747126436781,0.8480911983032874,0.8695652173913044,0.8354430379746836,0.8048780487804879,0.8913043478260869,0.27183130383491516,0.060180991888046265,0.2116503119468689,0.1072796881198883,0.20488810539245605,0.2718694806098938,0.060135941952466965,0.21173353493213654,0.1072796881198883,0.20478622615337372,0.19641320407390594,0.5221021771430969,0.9999980926513672,9.714029580720762e-11,selective,hybrid,0.2,0.1,20,0.02,0.05,0.5,4,36,15.75918647274375,0.49999117851257324,0.0003515389689709991,0.5833333134651184,0.5000035166740417,0.00013231535558588803,0.5833333134651184,0.5000107884407043,0.0001616037916392088,0.555555522441864,0.5000134110450745,0.0004547532880678773,0.555555522441864,0.500004768371582,0.00030586434877477586
C4_selective_hybrid_medium,1,4,784,705,79,87,142,0.8275862068965517,0.8218085106382979,0.8952127659574468,0.7999999999999999,0.75,0.8936170212765957,0.5029295682907104,0.20181457698345184,0.3011149764060974,0.10632183402776718,0.17187130451202393,0.5029175281524658,0.20182666182518005,0.30109086632728577,0.1072797030210495,0.17184874415397644,0.12193989753723145,0.5184951424598694,0.9999960064888,3.2476723532681717e-09,selective,hybrid,0.2,0.1,20,0.02,0.05,0.5,4,36,17.56484691798687,0.5000438094139099,0.0005631787935271859,0.5277777910232544,0.49995875358581543,0.00040693930350244045,0.4444444477558136,0.4999430179595947,0.0003763263812288642,0.555555522441864,0.5000782608985901,0.0004210914485156536,0.6944444179534912,0.5000059604644775,0.00045121164293959737
C4_selective_hybrid_medium,1,5,784,705,79,87,127,0.8275862068965517,0.8348404255319148,0.9452127659574469,0.8314606741573034,0.925,0.7446808510638298,0.35198745131492615,0.08892899006605148,0.26305845379829407,0.11973180621862411,0.17817050218582153,0.35206836462020874,0.08897417783737183,0.2630941867828369,0.11973180621862411,0.17807435989379883,0.15486127138137817,0.506085216999054,0.9999971985816956,8.796574579861272e-10,selective,hybrid,0.2,0.1,20,0.02,0.05,0.5,4,36,16.27799727395177,0.49994611740112305,0.0003330581239424646,0.5,0.5000008344650269,0.00017057961667887866,0.555555522441864,0.4999997615814209,0.0002585994952823967,0.6111111044883728,0.4999751150608063,0.0005451926263049245,0.5833333134651184,0.49998044967651367,0.00035567182931117713
C4_selective_hybrid_medium,1,6,784,705,79,87,102,0.8735632183908046,0.8680851063829788,0.8675531914893617,0.8533333333333333,0.8,0.9361702127659575,0.2927798926830292,0.08277908712625504,0.21000081300735474,0.10632183402776718,0.21735578775405884,0.2927977442741394,0.08271219581365585,0.21008554100990295,0.10632183402776718,0.21725527942180634,0.168832927942276,0.5417161583900452,0.9999929666519165,9.958760927020194e-09,selective,hybrid,0.2,0.1,20,0.02,0.05,0.5,4,36,14.878968182951212,0.500015914440155,0.0003481206367723644,0.6944444179534912,0.5000110864639282,0.0002620880550239235,0.6028096675872803,0.4999958574771881,0.00028537280741147697,0.6111111044883728,0.499801367521286,0.0009118111338466406,0.5833333134651184,0.49995601177215576,0.0005325810634531081
C4_selective_hybrid_medium,1,7,784,705,79,87,109,0.8505747126436781,0.8542553191489362,0.9335106382978724,0.8470588235294118,0.9,0.8085106382978723,0.2559828758239746,0.0601726770401001,0.1958101987838745,0.1111111044883728,0.218733012676239,0.2560204267501831,0.06011074781417847,0.19590967893600464,0.11015325784683228,0.2186543196439743,0.11054830253124237,0.5267060995101929,0.9999979138374329,1.057228526946119e-09,selective,hybrid,0.2,0.1,20,0.02,0.05,0.5,4,36,14.956273287534714,0.5000526905059814,0.00046212266897782683,0.6666666269302368,0.4999946057796478,0.00022128981072455645,0.5833333134651184,0.4999925196170807,0.0001801215548766777,0.5,0.5000370740890503,0.00048524775775149465,0.5833333134651184,0.5000191926956177,0.00036505720345303416
C4_selective_hybrid_medium,1,8,784,705,79,87,163,0.7931034482758621,0.7898936170212766,0.8914893617021276,0.7692307692307692,0.75,0.8297872340425532,0.2546996474266052,0.021809270605444908,0.23289038240909576,0.08524905145168304,0.27348291873931885,0.25508081912994385,0.021970098838210106,0.2331107258796692,0.08524905145168304,0.2730998694896698,0.2707541286945343,0.5907387733459473,0.9999906420707703,3.0018258989628066e-09,selective,hybrid,0.2,0.1,20,0.02,0.05,0.5,4,36,20.289616137742996,0.5001017451286316,0.0006666145054623485,0.7222222089767456,0.50002121925354,0.0002752155705820769,0.555555522441864,0.4999677240848541,0.00033977339626289904,0.4722222089767456,0.49998775124549866,0.0007964977994561195,0.6388888955116272,0.5000196099281311,0.0005657168221659958
C4_selective_hybrid_medium,1,9,784,705,79,87,84,0.8160919540229885,0.8074468085106383,0.8382978723404256,0.7777777777777777,0.7,0.9148936170212766,0.21839559078216553,0.07695414870977402,0.1414414346218109,0.07375478744506836,0.2360205352306366,0.2184997797012329,0.07698678970336914,0.14151298999786377,0.07375478744506836,0.23590755462646484,0.26674142479896545,0.5619478821754456,0.9999970197677612,1.5317003221326786e-09,selective,hybrid,0.2,0.1,20,0.02,0.05,0.5,4,36,12.590884815901518,0.4999585449695587,0.0005171027733013034,0.5277777910232544,0.4999951422214508,0.0002786781406030059,0.5073435306549072,0.49998727440834045,0.00020960195979569107,0.472541481256485,0.499935120344162,0.0005747241084463894,0.555555522441864,0.4999690353870392,0.00042467814637348056
C4_selective_hybrid_medium,1,10,784,705,79,87,124,0.8390804597701149,0.8436170212765958,0.8654255319148936,0.8372093023255814,0.9,0.7872340425531915,0.35999903082847595,0.09605185687541962,0.26394718885421753,0.10440611839294434,0.18934142589569092,0.36001163721084595,0.09612675756216049,0.26388487219810486,0.10344827175140381,0.18931186199188232,0.14584431052207947,0.5185641646385193,0.9999918341636658,1.3676766386083727e-09,selective,hybrid,0.2,0.1,20,0.02,0.05,0.5,4,36,16.0575269497931,0.5000200271606445,0.0005984641029499471,0.6944444179534912,0.5000022649765015,0.0001986478455364704,0.5833333134651184,0.5000431537628174,0.00030034148949198425,0.5833333134651184,0.49994343519210815,0.0007767652277834713,0.6666666269302368,0.5000022649765015,0.0005235379794612527
C4_selective_hybrid_medium,2,1,783,704,79,88,103,0.7954545454545454,0.7976128697457188,0.8655941878567721,0.7906976744186047,0.8292682926829268,0.7659574468085106,0.2352297604084015,0.042526982724666595,0.1927027702331543,0.09659092128276825,0.24258103966712952,0.23538589477539062,0.042571671307086945,0.19281423091888428,0.09659092128276825,0.24236321449279785,0.22436627745628357,0.5548912286758423,0.9999942779541016,4.3769099455914784e-10,selective,hybrid,0.2,0.1,20,0.02,0.05,0.5,4,36,18.443508211523294,0.5000006556510925,0.00029388346592895687,0.4444444477558136,0.500025749206543,0.00022824504412710667,0.6388888955116272,0.49998265504837036,0.0003275399503763765,0.4166666567325592,0.4999719560146332,0.0008221105090342462,0.6388888955116272,0.49999523162841797,0.00048037964734248817
C4_selective_hybrid_medium,2,2,784,705,79,87,108,0.8735632183908046,0.8751325556733829,0.9575821845174973,0.8705882352941177,0.9024390243902439,0.8478260869565217,0.32132428884506226,0.09437394142150879,0.22695034742355347,0.09003832191228867,0.19677990674972534,0.3214213252067566,0.09442178905010223,0.22699953615665436,0.09003832191228867,0.19670157134532928,0.19196054339408875,0.5266516804695129,0.9999961853027344,4.0464431805276035e-10,selective,hybrid,0.2,0.1,20,0.02,0.05,0.5,4,36,14.986104290932417,0.5000167489051819,0.00041524076368659735,0.6111111044883728,0.5000280141830444,0.00027813957422040403,0.6666666269302368,0.5000231266021729,0.00023580733977723867,0.6111111044883728,0.4999963641166687,0.0005214337143115699,0.555555522441864,0.5000160336494446,0.0003800435224547982
C4_selective_hybrid_medium,2,3,784,705,79,87,139,0.8735632183908046,0.8724814422057263,0.9077412513255568,0.8641975308641976,0.8536585365853658,0.8913043478260869,0.39105355739593506,0.1892661452293396,0.20178741216659546,0.08908046782016754,0.3367806375026703,0.39123067259788513,0.18941962718963623,0.2018110454082489,0.08908046782016754,0.3365614414215088,0.43643420934677124,0.6119303703308105,0.9999937415122986,3.5084120053596735e-09,selective,hybrid,0.2,0.1,20,0.02,0.05,0.5,4,36,17.580898106098175,0.49989941716194153,0.0005237003788352013,0.4444444477558136,0.499967485666275,0.0002879772800952196,0.3611111044883728,0.4999968707561493,0.00031019345624372363,0.4166666567325592,0.4999464452266693,0.0006367320893332362,0.5,0.4999525547027588,0.000464674667455256
C4_selective_hybrid_medium,2,4,784,705,79,87,117,0.8390804597701149,0.8473404255319148,0.906914893617021,0.8444444444444444,0.95,0.7446808510638298,0.264428973197937,0.03719162940979004,0.22723734378814697,0.12164749950170517,0.2404717206954956,0.26463887095451355,0.03717322647571564,0.2274656444787979,0.12164749950170517,0.24018070101737976,0.19208607077598572,0.5385647416114807,0.9999937415122986,2.4782329521855218e-09,selective,hybrid,0.2,0.1,20,0.02,0.05,0.5,4,36,15.499587494879961,0.4999038875102997,0.0006836719112470746,0.6111111044883728,0.4999912977218628,0.00016799465811345726,0.5,0.5000016689300537,0.00022287768661044538,0.6111111044883728,0.5000245571136475,0.0005831079324707389,0.555555522441864,0.4999803304672241,0.00047262056614272296
C4_selective_hybrid_medium,2,5,784,705,79,87,98,0.8620689655172413,0.8518617021276595,0.8925531914893617,0.8285714285714285,0.725,0.9787234042553191,0.267669677734375,0.06007136404514313,0.20759831368923187,0.111111119389534,0.21635344624519348,0.26774585247039795,0.060074470937252045,0.2076713740825653,0.11015325784683228,0.21627271175384521,0.1861964464187622,0.5335171818733215,0.9999970197677612,1.3392620346053263e-10,selective,hybrid,0.2,0.1,20,0.02,0.05,0.5,4,36,14.272297535091639,0.5000104904174805,0.00044621890992857516,0.5,0.5000152587890625,0.00023619062267243862,0.5622605085372925,0.4999872148036957,0.0001773049880284816,0.5,0.49999484419822693,0.00045247748494148254,0.555555522441864,0.5000019073486328,0.000350526359397918
C4_selective_hybrid_medium,2,6,784,705,79,87,114,0.8620689655172413,0.8593085106382978,0.9053191489361702,0.8461538461538461,0.825,0.8936170212765957,0.2898118197917938,0.10069538652896881,0.189116433262825,0.10536398738622665,0.24699848890304565,0.28987520933151245,0.10061823576688766,0.1892569661140442,0.10536398738622665,0.2467728853225708,0.20212016999721527,0.5506675243377686,0.9999935626983643,8.958551678261983e-10,selective,hybrid,0.2,0.1,20,0.02,0.05,0.5,4,36,15.919207710772753,0.5000460743904114,0.0006961779436096549,0.6944444179534912,0.5000012516975403,0.00014894646301399916,0.5,0.49999773502349854,0.00022190361050888896,0.555555522441864,0.4999619424343109,0.0006824113079346716,0.5833333134651184,0.5000017285346985,0.0005062349955551326
C4_selective_hybrid_medium,2,7,784,705,79,87,123,0.8620689655172413,0.8555851063829787,0.9164893617021276,0.8378378378378379,0.775,0.9361702127659575,0.32563501596450806,0.0748111829161644,0.25082382559776306,0.11781609058380127,0.18597112596035004,0.32569271326065063,0.07485637068748474,0.2508363425731659,0.11781609058380127,0.1859273612499237,0.13798461854457855,0.5002514719963074,0.9999973773956299,9.011948964854355e-10,selective,hybrid,0.2,0.1,20,0.02,0.05,0.5,4,36,16.15048586949706,0.4999789297580719,0.0004587307630572468,0.5,0.500026524066925,0.00020282504556234926,0.5833333134651184,0.5000045895576477,0.0002869188319891691,0.5833333134651184,0.500049352645874,0.00038194330409169197,0.5881226062774658,0.5000148415565491,0.0003472699609119445
C4_selective_hybrid_medium,2,8,784,705,79,87,94,0.8505747126436781,0.8523936170212766,0.8579787234042552,0.8433734939759036,0.875,0.8297872340425532,0.275887668132782,0.07426317036151886,0.20162449777126312,0.07567049562931061,0.1901823878288269,0.27591127157211304,0.07420894503593445,0.2017023265361786,0.07567049562931061,0.19011835753917694,0.23135888576507568,0.5249647498130798,0.9999961853027344,2.904483986654327e-09,selective,hybrid,0.2,0.1,20,0.02,0.05,0.5,4,36,13.541601166129112,0.5000801086425781,0.0005254513234831393,0.6388888955116272,0.5000250935554504,0.0002356921904720366,0.6111111044883728,0.5000145435333252,0.000257587933447212,0.6666666269302368,0.49993404746055603,0.0005628069629892707,0.5,0.5000134706497192,0.000425869831815362
C4_selective_hybrid_medium,2,9,784,705,79,87,119,0.8620689655172413,0.8704787234042553,0.9287234042553191,0.8666666666666667,0.975,0.7659574468085106,0.32883915305137634,0.09075634181499481,0.23808281123638153,0.0871647521853447,0.18846456706523895,0.3288695514202118,0.09073599427938461,0.23813354969024658,0.0871647521853447,0.18840323388576508,0.22212211787700653,0.5183135271072388,0.9999964833259583,2.291793421704824e-09,selective,hybrid,0.2,0.1,20,0.02,0.05,0.5,4,36,15.818742774426937,0.5000123381614685,0.00041006162064149976,0.6388888955116272,0.5000075697898865,0.00025850842939689755,0.6388888955116272,0.49996960163116455,0.00022128176351543516,0.5833333134651184,0.5000896453857422,0.0004713220114354044,0.6666666269302368,0.5000198483467102,0.0003583189391065389
C4_selective_hybrid_medium,2,10,784,705,79,87,190,0.896551724137931,0.8968085106382979,0.9654255319148937,0.888888888888889,0.9,0.8936170212765957,0.5360066890716553,0.21566776931285858,0.3203389048576355,0.11015325039625168,0.21471534669399261,0.5358439683914185,0.2162957489490509,0.31954821944236755,0.11015325039625168,0.2142517864704132,0.11365898698568344,0.5329026579856873,0.9998999834060669,1.7836763177569992e-09,selective,hybrid,0.2,0.1,20,0.02,0.05,0.5,4,36,22.69170419871807,0.5000008344650269,0.0006832160870544612,0.7222222089767456,0.49994099140167236,0.0003920646267943084,0.5277777910232544,0.49995875358581543,0.0003324505814816803,0.555555522441864,0.5000441670417786,0.0017705874051898718,0.805555522441864,0.4999862015247345,0.00098380446434021
C5_selective_hybrid_strong,0,1,783,704,79,88,132,0.8522727272727273,0.8523611831862999,0.9527763362740012,0.8433734939759037,0.8536585365853658,0.851063829787234,0.4318416118621826,0.1498437374830246,0.2819978594779968,0.15435606241226196,0.1668950766324997,0.4317809045314789,0.1494937539100647,0.2822871506214142,0.15530304610729218,0.16682854294776917,0.360251784324646,0.4675121605396271,0.9999575614929199,7.976585614244414e-09,selective,hybrid,0.5,0.1,20,0.02,0.05,0.5,4,36,19.41753662750125,0.49982592463493347,0.0018092303071171045,0.5,0.5000008344650269,0.0009004486491903663,0.5833333134651184,0.5000336170196533,0.0005950821214355528,0.6388888955116272,0.500021755695343,0.0021043268498033285,0.6666666865348816,0.49997055530548096,0.0014910362660884857
C5_selective_hybrid_strong,0,2,784,705,79,87,83,0.8505747126436781,0.8441145281018028,0.865323435843054,0.821917808219178,0.7317073170731707,0.9565217391304348,0.3486306071281433,0.0777900442481041,0.2708405554294586,0.16954022645950317,0.15997038781642914,0.3488520383834839,0.07757731527090073,0.27127471566200256,0.16954022645950317,0.1597338616847992,0.23386342823505402,0.46555501222610474,0.9999834299087524,1.707303187714615e-09,selective,hybrid,0.5,0.1,20,0.02,0.05,0.5,4,36,11.803955029696226,0.5000171661376953,0.0006156258168630302,0.5561941266059875,0.49995508790016174,0.0005053072818554938,0.5277777910232544,0.49997738003730774,0.00045923946890980005,0.5833333134651184,0.49993696808815,0.0014034109190106392,0.6136654019355774,0.4999716579914093,0.0008393006282858551
C5_selective_hybrid_strong,0,3,784,705,79,87,109,0.8505747126436781,0.8480911983032874,0.9353128313891834,0.8354430379746836,0.8048780487804879,0.8913043478260869,0.3805111348628998,0.07006941735744476,0.3104417324066162,0.17337165772914886,0.15776652097702026,0.3807098865509033,0.07014118134975433,0.3105686902999878,0.17241379618644714,0.15767565369606018,0.19644248485565186,0.4360342025756836,0.999992847442627,1.7765384718870791e-09,selective,hybrid,0.5,0.1,20,0.02,0.05,0.5,4,36,14.883856035768986,0.5000661611557007,0.0005794838652946055,0.6111111044883728,0.5000161528587341,0.00046201684745028615,0.6388888955116272,0.49998876452445984,0.000430452375439927,0.5,0.49995169043540955,0.0011961015406996012,0.5833333134651184,0.5000057220458984,0.0007368270307779312
C5_selective_hybrid_strong,0,4,784,705,79,87,90,0.896551724137931,0.8912234042553191,0.9319148936170213,0.88,0.825,0.9574468085106383,0.3722618520259857,0.07315751165151596,0.29910433292388916,0.19348660111427307,0.1518109142780304,0.3724536895751953,0.0731462836265564,0.2993074059486389,0.19252875447273254,0.15166902542114258,0.19703124463558197,0.4433891773223877,0.9999812841415405,3.55952778363644e-08,selective,hybrid,0.5,0.1,20,0.02,0.05,0.5,4,36,13.31742399185896,0.5000461935997009,0.0006039459258317947,0.6388888955116272,0.5000192523002625,0.000426533748395741,0.555555522441864,0.5000884532928467,0.00031153648160398006,0.6689016222953796,0.49963727593421936,0.00200643646530807,0.5833333134651184,0.49994784593582153,0.0010953800519928336
C5_selective_hybrid_strong,0,5,784,705,79,87,112,0.9080459770114943,0.9018617021276596,0.9441489361702128,0.8918918918918919,0.825,0.9787234042553191,0.4107198715209961,0.06108851358294487,0.3496313691139221,0.1982758641242981,0.14652091264724731,0.41090840101242065,0.061054717749357224,0.3498536944389343,0.19731800258159637,0.14633147418498993,0.1433386206626892,0.4294404983520508,0.9999878406524658,8.207818424921243e-09,selective,hybrid,0.5,0.1,20,0.02,0.05,0.5,4,36,14.903260413557291,0.5000134110450745,0.0008044062415137887,0.5833333134651184,0.5000050067901611,0.0003842852602247149,0.555555522441864,0.5000030398368835,0.00037242184043861926,0.5277777910232544,0.49981942772865295,0.0012266269186511636,0.5277777910232544,0.49996018409729004,0.0007848513778299093
C5_selective_hybrid_strong,0,6,784,705,79,87,94,0.9195402298850575,0.9143617021276595,0.9579787234042553,0.9066666666666667,0.85,0.9787234042553191,0.4055659770965576,0.04318461939692497,0.36238136887550354,0.2021072804927826,0.13897138833999634,0.4056594967842102,0.04313329979777336,0.36252620816230774,0.20306512713432312,0.13893388211727142,0.3071097433567047,0.42558959126472473,0.999991238117218,1.2611010014040858e-09,selective,hybrid,0.5,0.1,20,0.02,0.05,0.5,4,36,14.590375944972038,0.49995142221450806,0.0005292007117532194,0.4719029366970062,0.5000145435333252,0.00047552899923175573,0.7222222089767456,0.499973863363266,0.00037554395385086536,0.555555522441864,0.5000422596931458,0.0011420599184930325,0.6111111044883728,0.49999555945396423,0.000699286290910095
C5_selective_hybrid_strong,0,7,784,705,79,87,99,0.9080459770114943,0.913031914893617,0.9670212765957447,0.9069767441860466,0.975,0.851063829787234,0.3871096968650818,0.04621902108192444,0.34089067578315735,0.18773946166038513,0.15164530277252197,0.38743066787719727,0.04625429958105087,0.3411763608455658,0.18773946166038513,0.15147000551223755,0.19640320539474487,0.4367350935935974,0.9999847412109375,1.9860846300900903e-10,selective,hybrid,0.5,0.1,20,0.02,0.05,0.5,4,36,14.71182693168521,0.5000145435333252,0.0007566696731373668,0.555555522441864,0.4999963939189911,0.0004946430562995374,0.555555522441864,0.49997609853744507,0.0003154099977109581,0.4846743047237396,0.4999989867210388,0.0011688543017953634,0.5,0.49999648332595825,0.0007554987678304315
C5_selective_hybrid_strong,0,8,784,705,79,87,109,0.9310344827586207,0.9343085106382978,0.9946808510638298,0.9285714285714285,0.975,0.8936170212765957,0.37030982971191406,0.03991866856813431,0.33039116859436035,0.19636015594005585,0.17600040137767792,0.37057527899742126,0.04000471159815788,0.3305705785751343,0.19636015594005585,0.17580363154411316,0.2200402319431305,0.45213738083839417,0.9999901056289673,4.334502534675266e-09,selective,hybrid,0.5,0.1,20,0.02,0.05,0.5,4,36,15.146202314645052,0.5000313520431519,0.0005438702646642923,0.555555522441864,0.4999929368495941,0.00045280103222467005,0.6111111044883728,0.5000170469284058,0.0004744065518025309,0.6111111044883728,0.5001264810562134,0.001210143556818366,0.5833333134651184,0.5000419616699219,0.0007416349253617227
C5_selective_hybrid_strong,0,9,784,705,79,87,143,0.6896551724137931,0.6811170212765958,0.6882978723404254,0.6301369863013698,0.575,0.7872340425531915,0.6332263350486755,0.2032862901687622,0.42994004487991333,0.2461685836315155,0.08614401519298553,0.6331998109817505,0.20326082408428192,0.4299389719963074,0.2461685836315155,0.08607491850852966,0.12329304963350296,0.400887668132782,0.9999755620956421,4.144117937698866e-09,selective,hybrid,0.5,0.1,20,0.02,0.05,0.5,4,36,18.109498668462038,0.4999644458293915,0.0011288807727396488,0.5833333134651184,0.4998817443847656,0.0005948218749836087,0.4444444477558136,0.5000181794166565,0.0005833825562149286,0.4722222089767456,0.5000316500663757,0.0015493931714445353,0.5833333134651184,0.49997395277023315,0.0010466583771631122
C5_selective_hybrid_strong,0,10,784,705,79,87,100,0.6896551724137931,0.6885638297872341,0.7015957446808512,0.6666666666666667,0.675,0.7021276595744681,0.35629183053970337,0.02265603467822075,0.3336358070373535,0.20785439014434814,0.1352086067199707,0.3565289378166199,0.022668838500976562,0.3338600993156433,0.20785439014434814,0.13508275151252747,0.12487348169088364,0.4464629888534546,0.999986469745636,1.90796778376523e-09,selective,hybrid,0.5,0.1,20,0.02,0.05,0.5,4,36,14.474798031151295,0.49999454617500305,0.0006746361032128334,0.555555522441864,0.4999760687351227,0.0004526135453488678,0.555555522441864,0.49997955560684204,0.00039697738247923553,0.5,0.5000813007354736,0.0013333988608792424,0.5277777910232544,0.5000078678131104,0.0008065835572779179
C5_selective_hybrid_strong,1,1,783,704,79,88,118,0.8636363636363636,0.8583290088220031,0.9605604566683965,0.8421052631578947,0.7804878048780488,0.9361702127659575,0.42640018463134766,0.06860502064228058,0.35779517889022827,0.25757578015327454,0.14645639061927795,0.42659804224967957,0.06861352920532227,0.3579845130443573,0.25757575035095215,0.14624124765396118,0.13013620674610138,0.4061679244041443,0.9999746084213257,6.570248345383334e-09,selective,hybrid,0.5,0.1,20,0.02,0.05,0.5,4,36,19.89225648716092,0.4999845027923584,0.0008693121490068734,0.6388888955116272,0.49997472763061523,0.00044018548214808106,0.4722222089767456,0.49997788667678833,0.0003100207541137934,0.5555555820465088,0.49984216690063477,0.0016950146527960896,0.6111111044883728,0.4999448359012604,0.0009914380498230457
C5_selective_hybrid_strong,1,2,784,705,79,87,128,0.9080459770114943,0.9117179215270413,0.9814422057264052,0.9090909090909092,0.975609756097561,0.8478260869565217,0.5647772550582886,0.11002562940120697,0.4547516107559204,0.2969348430633545,0.12075295299291611,0.5649700164794922,0.11008201539516449,0.4548879861831665,0.2969348430633545,0.12050487846136093,0.12436830997467041,0.3834608197212219,0.9999778866767883,6.644457428706119e-09,selective,hybrid,0.5,0.1,20,0.02,0.05,0.5,4,36,17.432805992662907,0.49999508261680603,0.0006197693874128163,0.6111111044883728,0.49999335408210754,0.00042282699723728,0.555555522441864,0.4999843239784241,0.0003650887811090797,0.4722222089767456,0.4998379349708557,0.0017767150420695543,0.6388888955116272,0.49995267391204834,0.000983563018962741
C5_selective_hybrid_strong,1,3,784,705,79,87,81,0.7701149425287356,0.7613997879109226,0.8382820784729587,0.7142857142857144,0.6097560975609756,0.9130434782608695,0.3563624620437622,0.054921217262744904,0.3014412522315979,0.1628352552652359,0.14165547490119934,0.35664495825767517,0.05493105575442314,0.3017139136791229,0.1628352552652359,0.1414324939250946,0.35285401344299316,0.44884881377220154,0.9999838471412659,1.1693136237056478e-08,selective,hybrid,0.5,0.1,20,0.02,0.05,0.5,4,36,11.723938155919313,0.500007688999176,0.0007666770834475756,0.5277777910232544,0.49998506903648376,0.0005096152308396995,0.5287356376647949,0.5000147223472595,0.0003724315611179918,0.532567024230957,0.49978476762771606,0.0015412378124892712,0.5846104621887207,0.49994808435440063,0.0009215303580276668
C5_selective_hybrid_strong,1,4,784,705,79,87,115,0.8275862068965517,0.8199468085106383,0.8952127659574467,0.7945205479452054,0.725,0.9148936170212766,0.3761584758758545,0.0656886175274849,0.3104698657989502,0.21264368295669556,0.17964020371437073,0.3763582706451416,0.06566385924816132,0.3106943964958191,0.21264368295669556,0.17946994304656982,0.2237536907196045,0.46004432439804077,0.9999849200248718,4.489192129142339e-09,selective,hybrid,0.5,0.1,20,0.02,0.05,0.5,4,36,14.8485953733325,0.5001235604286194,0.0010616459185257554,0.6111111044883728,0.49998101592063904,0.000434623914770782,0.5,0.49998003244400024,0.0004077124467585236,0.555555522441864,0.5000438094139099,0.0013690394116565585,0.6944444179534912,0.5000321269035339,0.0009178097825497389
C5_selective_hybrid_strong,1,5,784,705,79,87,89,0.8390804597701149,0.8380319148936171,0.8888297872340426,0.825,0.825,0.851063829787234,0.3628076910972595,0.04968632757663727,0.31312137842178345,0.1781609058380127,0.15008777379989624,0.3630489706993103,0.04965141415596008,0.3133975565433502,0.1781609058380127,0.14993655681610107,0.22997617721557617,0.4426535367965698,0.9999809265136719,1.2976142826914838e-08,selective,hybrid,0.5,0.1,20,0.02,0.05,0.5,4,36,12.757362127304077,0.4998610019683838,0.0009133369312621653,0.4722222089767456,0.49997055530548096,0.0003922498144675046,0.5833333134651184,0.49997425079345703,0.00037560032797046006,0.5277777910232544,0.4998243749141693,0.002511662431061268,0.6436781287193298,0.49990755319595337,0.0013650350738316774
C5_selective_hybrid_strong,1,6,784,705,79,87,104,0.8390804597701149,0.8287234042553191,0.8851063829787235,0.8,0.7,0.9574468085106383,0.38515013456344604,0.04588719457387924,0.3392629325389862,0.20402298867702484,0.16834348440170288,0.3854759931564331,0.045922696590423584,0.3395532965660095,0.20306514203548431,0.16808174550533295,0.17066590487957,0.4453495740890503,0.9999798536300659,6.027566001876039e-09,selective,hybrid,0.5,0.1,20,0.02,0.05,0.5,4,36,14.039809465408325,0.5000450015068054,0.00064511364325881,0.555555522441864,0.5000255703926086,0.0004480248026084155,0.5277777910232544,0.49998459219932556,0.0005183310131542385,0.6561302542686462,0.4998544454574585,0.0014250149251893163,0.5277777910232544,0.49997738003730774,0.0008569707279093564
C5_selective_hybrid_strong,1,7,784,705,79,87,98,0.8160919540229885,0.8148936170212766,0.9409574468085107,0.8000000000000002,0.8,0.8297872340425532,0.3424769639968872,0.038990363478660583,0.30348658561706543,0.16858236491680145,0.1524733603000641,0.34266358613967896,0.03901226818561554,0.3036513328552246,0.16858236491680145,0.1523226797580719,0.13521823287010193,0.4450835585594177,0.9999758005142212,3.971356576926155e-09,selective,hybrid,0.5,0.1,20,0.02,0.05,0.5,4,36,13.193377207964659,0.49990314245224,0.0006543647614307702,0.5,0.4999731779098511,0.0003498000733088702,0.6111111044883728,0.49997180700302124,0.00034067215165123343,0.3888888657093048,0.5000705122947693,0.0015955407870933414,0.6388888955116272,0.4999796450138092,0.0008980248821899295
C5_selective_hybrid_strong,1,8,784,705,79,87,181,0.8160919540229885,0.8167553191489361,0.8734042553191489,0.8048780487804876,0.825,0.8085106382978723,0.6310619115829468,0.08770938962697983,0.5433525443077087,0.31896552443504333,0.08331772685050964,0.6313725709915161,0.08790409564971924,0.5434684753417969,0.31896552443504333,0.0827179104089737,0.10510794073343277,0.36028599739074707,0.9998936653137207,9.303126269344375e-09,selective,hybrid,0.5,0.1,20,0.02,0.05,0.5,4,36,20.15046539157629,0.500163733959198,0.00093214021762833,0.6388888955116272,0.5000123977661133,0.0005714958533644676,0.555555522441864,0.49992579221725464,0.0002969102351926267,0.3611111044883728,0.5000688433647156,0.0030389761086553335,0.7777777314186096,0.5000426769256592,0.001623761490918696
C5_selective_hybrid_strong,1,9,784,705,79,87,117,0.7931034482758621,0.8029255319148936,0.876063829787234,0.8043478260869567,0.925,0.6808510638297872,0.436865895986557,0.08297611773014069,0.3538897633552551,0.234674334526062,0.11635705083608627,0.4370640218257904,0.08306930959224701,0.3539947271347046,0.234674334526062,0.11625700443983078,0.17786960303783417,0.4067508280277252,0.9999722838401794,2.1873554079121504e-09,selective,hybrid,0.5,0.1,20,0.02,0.05,0.5,4,36,14.525824535638094,0.4999939203262329,0.0007682807627134025,0.6111111044883728,0.499978631734848,0.0002988088526763022,0.6111111044883728,0.4999645948410034,0.00037750115734525025,0.5,0.4999162554740906,0.0015767494915053248,0.5833333134651184,0.49996334314346313,0.0009097761358134449
C5_selective_hybrid_strong,1,10,784,705,79,87,155,0.8735632183908046,0.8736702127659575,0.8936170212765958,0.8641975308641976,0.875,0.8723404255319149,0.5470031499862671,0.13267788290977478,0.4143252670764923,0.2260536402463913,0.1141640767455101,0.5471559762954712,0.13275133073329926,0.41440463066101074,0.22701150178909302,0.11373712122440338,0.11330518871545792,0.4069962799549103,0.9999131560325623,5.597765806442112e-09,selective,hybrid,0.5,0.1,20,0.02,0.05,0.5,4,36,18.344727158546448,0.49990472197532654,0.0009473293321207166,0.5277777910232544,0.49997657537460327,0.0005217298166826367,0.555555522441864,0.4999697804450989,0.0006030437652952969,0.5277777910232544,0.5001088976860046,0.002692105248570442,0.7777777314186096,0.4999900162220001,0.0014832904562354088
C5_selective_hybrid_strong,2,1,783,704,79,88,105,0.8068181818181818,0.8082511676180592,0.8733783082511677,0.7999999999999999,0.8292682926829268,0.7872340425531915,0.3754661977291107,0.054775357246398926,0.3206908404827118,0.1827651709318161,0.16167177259922028,0.37577390670776367,0.05470988154411316,0.3210640251636505,0.17897729575634003,0.16136576235294342,0.20513902604579926,0.44951072335243225,0.9999770522117615,2.829493084277601e-09,selective,hybrid,0.5,0.1,20,0.02,0.05,0.5,4,36,18.984220188111067,0.5000146627426147,0.0006582157802768052,0.5277777910232544,0.4999818205833435,0.0005740980268456042,0.6666666865348816,0.5000205039978027,0.0002629587834235281,0.6388888955116272,0.5001017451286316,0.0012059707660228014,0.6666666865348816,0.5000296831130981,0.0007572314352728426
C5_selective_hybrid_strong,2,2,784,705,79,87,100,0.9195402298850575,0.9199363732767762,0.968186638388123,0.9156626506024096,0.926829268292683,0.9130434782608695,0.3871224820613861,0.049064040184020996,0.3380584418773651,0.1944444626569748,0.14164549112319946,0.3873617649078369,0.04908451437950134,0.33827725052833557,0.1944444626569748,0.14148609340190887,0.18134470283985138,0.43111154437065125,0.9999807476997375,1.192459686549796e-09,selective,hybrid,0.5,0.1,20,0.02,0.05,0.5,4,36,13.984353750944138,0.499988853931427,0.00081309222150594,0.5,0.4999428391456604,0.00040865741902962327,0.601213276386261,0.5000253915786743,0.00040161763899959624,0.4722222089767456,0.49997302889823914,0.001381880952976644,0.6111111044883728,0.4999825358390808,0.0008517373935319483
C5_selective_hybrid_strong,2,3,784,705,79,87,118,0.8275862068965517,0.8237009544008483,0.9257688229056203,0.8051948051948052,0.7560975609756098,0.8913043478260869,0.4398982524871826,0.0452096089720726,0.3946886360645294,0.24904213845729828,0.1281702220439911,0.43999621272087097,0.04522188752889633,0.39477431774139404,0.24808429181575775,0.12801383435726166,0.14918257296085358,0.40950536727905273,0.9999683499336243,6.216330561414907e-09,selective,hybrid,0.5,0.1,20,0.02,0.05,0.5,4,36,15.29950825870037,0.49989578127861023,0.0008240615134127438,0.4722222089767456,0.5000016093254089,0.0003799630794674158,0.555555522441864,0.49994391202926636,0.0005205334746278822,0.555555522441864,0.5001041889190674,0.0016629848396405578,0.6666666269302368,0.49998635053634644,0.0009852817747741938
C5_selective_hybrid_strong,2,4,784,705,79,87,83,0.7816091954022989,0.7773936170212765,0.8446808510638298,0.7532467532467533,0.725,0.8297872340425532,0.29240942001342773,0.013914687559008598,0.2784947454929352,0.20498085021972656,0.19372078776359558,0.29273706674575806,0.01393667608499527,0.2788003981113434,0.20498085021972656,0.19333778321743011,0.3559155762195587,0.47741764783859253,0.9999825954437256,6.080320247292548e-09,selective,hybrid,0.5,0.1,20,0.02,0.05,0.5,4,36,12.223992135375738,0.5000129342079163,0.00047715046093799174,0.5,0.49999967217445374,0.0004173782654106617,0.6127074956893921,0.49999484419822693,0.00037148254341445863,0.5223498940467834,0.5001552700996399,0.0014579223934561014,0.7145593762397766,0.5000406503677368,0.0008189099607989192
C5_selective_hybrid_strong,2,5,784,705,79,87,130,0.8620689655172413,0.8574468085106384,0.9175531914893617,0.8421052631578948,0.8,0.9148936170212766,0.44187912344932556,0.07704132050275803,0.36483779549598694,0.23275862634181976,0.16344836354255676,0.44271597266197205,0.07706326246261597,0.3656527101993561,0.2337164729833603,0.16269303858280182,0.19889286160469055,0.42947545647621155,0.9999520182609558,2.092969531020117e-08,selective,hybrid,0.5,0.1,20,0.02,0.05,0.5,4,36,17.19027053564787,0.5002471208572388,0.0013903791550546885,0.6388888955116272,0.5000208616256714,0.00048215442802757025,0.6111111044883728,0.5000394582748413,0.0005437618237920105,0.6111111044883728,0.4998563528060913,0.002016345039010048,0.6388888955116272,0.5000408887863159,0.0012847536709159613
C5_selective_hybrid_strong,2,6,784,705,79,87,109,0.8275862068965517,0.8218085106382979,0.8803191489361702,0.7999999999999999,0.75,0.8936170212765957,0.3713102340698242,0.05967292934656143,0.3116373121738434,0.20306514203548431,0.1471979171037674,0.3714746832847595,0.05969440937042236,0.31178027391433716,0.20114943385124207,0.1470722109079361,0.17485330998897552,0.43026190996170044,0.9999895095825195,1.7067920410340776e-09,selective,hybrid,0.5,0.1,20,0.02,0.05,0.5,4,36,14.477078139781952,0.5000770092010498,0.0005967007600702345,0.6111111044883728,0.4999804198741913,0.00034969334956258535,0.555555522441864,0.5000117421150208,0.0002677934826351702,0.6388888955116272,0.499980628490448,0.0013881089398637414,0.4722222089767456,0.5000124573707581,0.0007877986063249409
C5_selective_hybrid_strong,2,7,784,705,79,87,6,0.6666666666666666,0.6579787234042553,0.6095744680851064,0.6027397260273972,0.55,0.7659574468085106,0.5647817850112915,0.45021292567253113,0.11456885933876038,0.09291188418865204,0.182826966047287,0.5646434426307678,0.4501495361328125,0.11449390649795532,0.09291188418865204,0.18240296840667725,0.6940621733665466,0.5449601411819458,0.9999596476554871,6.365129223695476e-08,selective,hybrid,0.5,0.1,20,0.02,0.05,0.5,4,36,5.225380621850491,0.49997684359550476,0.0014224976766854525,0.5009578466415405,0.5000309944152832,0.0016576050547882915,0.50957852602005,0.5001177191734314,0.0017824198585003614,0.5411877036094666,0.49948984384536743,0.0016820802120491862,0.3234354853630066,0.4999038875102997,0.001659342204220593
C5_selective_hybrid_strong,2,8,784,705,79,87,90,0.8505747126436781,0.8523936170212766,0.8765957446808511,0.8433734939759036,0.875,0.8297872340425532,0.38286536931991577,0.05444500595331192,0.32842037081718445,0.18103449046611786,0.13835683465003967,0.38309797644615173,0.05444534868001938,0.32865262031555176,0.18007662892341614,0.1381901502609253,0.22814597189426422,0.4356568157672882,0.9999838471412659,2.391091769027298e-10,selective,hybrid,0.5,0.1,20,0.02,0.05,0.5,4,36,13.445130329579115,0.4999774694442749,0.0007419834146276116,0.555555522441864,0.4999831020832062,0.0004569281591102481,0.5137292146682739,0.500009298324585,0.00044045111280865967,0.555555522441864,0.5000088810920715,0.0014946326846256852,0.555555522441864,0.499994695186615,0.0008926514419727027
C5_selective_hybrid_strong,2,9,784,705,79,87,125,0.8620689655172413,0.8667553191489361,0.9340425531914893,0.8604651162790697,0.925,0.8085106382978723,0.43053802847862244,0.05189818888902664,0.3786398470401764,0.23275862634181976,0.12909537553787231,0.4307657480239868,0.051958512514829636,0.3788072466850281,0.23275862634181976,0.12885628640651703,0.19659118354320526,0.4028492271900177,0.9999693036079407,2.6545432518787493e-09,selective,hybrid,0.5,0.1,20,0.02,0.05,0.5,4,36,16.256823413074017,0.5000740885734558,0.0005860064993612468,0.6388888955116272,0.5000349283218384,0.00034924878855235875,0.5833333134651184,0.5000291466712952,0.00038339372258633375,0.5277777910232544,0.49994465708732605,0.001603253884240985,0.6111111044883728,0.5000207424163818,0.0008931587217375636
C5_selective_hybrid_strong,2,10,784,705,79,87,115,0.9080459770114943,0.9037234042553192,0.9558510638297872,0.8947368421052632,0.85,0.9574468085106383,0.4190654158592224,0.10938893258571625,0.30967646837234497,0.17720305919647217,0.19461748003959656,0.4191250503063202,0.10929440706968307,0.3098306357860565,0.17624521255493164,0.1944814920425415,0.2510569393634796,0.46842724084854126,0.9999892115592957,7.98847210603526e-10,selective,hybrid,0.5,0.1,20,0.02,0.05,0.5,4,36,15.038092661648989,0.5000478625297546,0.0004099689540453255,0.6111111044883728,0.5000131726264954,0.00031734228832647204,0.5833333134651184,0.5000066161155701,0.0006761367549188435,0.5833333134651184,0.5000261068344116,0.0011905648279935122,0.555555522441864,0.5000234246253967,0.0007320991717278957
