config,seed,n_oof,acc,balanced_acc,asd_auc,asd_f1,asd_sensitivity,nc_specificity,fold_mean_acc,fold_std_acc,fold_mean_balanced_acc,fold_std_balanced_acc,fold_mean_asd_auc,fold_std_asd_auc,fold_mean_asd_f1,fold_std_asd_f1,fold_mean_asd_sensitivity,fold_std_asd_sensitivity,fold_mean_nc_specificity,fold_std_nc_specificity,fold_mean_raw_pos_cos,fold_std_raw_pos_cos,fold_mean_raw_neg_cos,fold_std_raw_neg_cos,fold_mean_raw_cos_gap,fold_std_raw_cos_gap,fold_mean_raw_retrieval_r1,fold_std_raw_retrieval_r1,fold_mean_raw_cmmd,fold_std_raw_cmmd,fold_mean_shared_pos_cos,fold_std_shared_pos_cos,fold_mean_shared_neg_cos,fold_std_shared_neg_cos,fold_mean_shared_cos_gap,fold_std_shared_cos_gap,fold_mean_shared_retrieval_r1,fold_std_shared_retrieval_r1,fold_mean_shared_cmmd,fold_std_shared_cmmd,gate_PHENO_mean,gate_PHENO_mean_std,gate_PHENO_std,gate_PHENO_std_std,gate_PHENO_gt05,gate_PHENO_gt05_std,gate_ANAT_mean,gate_ANAT_mean_std,gate_ANAT_std,gate_ANAT_std_std,gate_ANAT_gt05,gate_ANAT_gt05_std,gate_FUNC_mean,gate_FUNC_mean_std,gate_FUNC_std,gate_FUNC_std_std,gate_FUNC_gt05,gate_FUNC_gt05_std,gate_Correlation_mean,gate_Correlation_mean_std,gate_Correlation_std,gate_Correlation_std_std,gate_Correlation_gt05,gate_Correlation_gt05_std,gate_global_mean,gate_global_std,gate_global_std_across_folds
C0_baseline,0,871,0.8381171067738232,0.8371243451888613,0.8649339356535388,0.8248447204968944,0.8238213399503722,0.8504273504273504,0.8381138975966562,0.09376838669545721,0.8373517350691546,0.09352555487598027,0.8863743485029669,0.09834460902494056,0.8252073017806028,0.09639886596666702,0.8239634146341464,0.116981406702852,0.8507400555041629,0.11983369405038634,0.10962907178327441,0.08812466724376682,0.03619693387299776,0.03310976134581881,0.07343213642016053,0.07646840986820351,0.020464342087507248,0.0067409793330963415,0.3651207208633423,0.0329452432132572,nan,nan,nan,nan,nan,nan,nan,nan,nan,nan,nan,nan,nan,nan,nan,nan,nan,nan,nan,nan,nan,nan,nan,nan,nan,nan,nan,nan,nan,nan,nan,nan,nan,nan,nan,nan,nan
C0_baseline,1,871,0.8323765786452354,0.8281637717121588,0.8792416915866048,0.8098958333333333,0.771712158808933,0.8846153846153846,0.8323667711598747,0.05507303843259941,0.8283364262990457,0.05597723657347326,0.8834107138828096,0.048493336475957854,0.8086395394728727,0.0647569204353268,0.7718902439024389,0.09010162830874865,0.8847826086956522,0.06729326054113184,0.1084662648383528,0.09280164050178283,0.04509227620437741,0.03257990851742498,0.06337398737668991,0.06975049043654775,0.018278692569583654,0.007212755571439487,0.3803209483623505,0.03021438955868083,nan,nan,nan,nan,nan,nan,nan,nan,nan,nan,nan,nan,nan,nan,nan,nan,nan,nan,nan,nan,nan,nan,nan,nan,nan,nan,nan,nan,nan,nan,nan,nan,nan,nan,nan,nan,nan
C0_baseline,2,871,0.8507462686567164,0.8483595257788806,0.8903522724862675,0.8350253807106599,0.8163771712158809,0.8803418803418803,0.8508620689655173,0.044608669044088264,0.8483345084722819,0.04420720877648495,0.9008651654971684,0.028904305350264135,0.8347741729846752,0.047477874245528705,0.8162804878048779,0.0840446785816024,0.8803885291396856,0.08458645430854599,0.10797436181455851,0.08952633030054209,0.0336922169663012,0.03957593903910493,0.07428214475512504,0.06178442686695112,0.020574278198182583,0.004259425684354157,0.3843622386455536,0.040205740595020155,nan,nan,nan,nan,nan,nan,nan,nan,nan,nan,nan,nan,nan,nan,nan,nan,nan,nan,nan,nan,nan,nan,nan,nan,nan,nan,nan,nan,nan,nan,nan,nan,nan,nan,nan,nan,nan
C1_global_pair,0,871,0.8450057405281286,0.8438792390405294,0.8809383682212466,0.8318804483188045,0.8287841191066998,0.8589743589743589,0.8449843260188088,0.10041865845661349,0.8438621082556802,0.09971356221741129,0.9025139042440378,0.09972984927681434,0.8332740786167628,0.10361145731131823,0.8286585365853659,0.10430731135731115,0.8590656799259945,0.11827069206974045,0.2784493252635002,0.053531194921670855,0.04001197852194309,0.02280023978176607,0.23843734711408615,0.05091732651864592,0.13362940177321433,0.01934593586002689,0.28090136796236037,0.03667769826807319,nan,nan,nan,nan,nan,nan,nan,nan,nan,nan,nan,nan,nan,nan,nan,nan,nan,nan,nan,nan,nan,nan,nan,nan,nan,nan,nan,nan,nan,nan,nan,nan,nan,nan,nan,nan,nan
C1_global_pair,1,871,0.851894374282434,0.8504618141714916,0.8929503085830629,0.8385481852315394,0.8312655086848635,0.8696581196581197,0.8518416927899686,0.04961754478324946,0.8505090419891248,0.04936164908329655,0.9112236298819972,0.03901826404059608,0.8377837948967486,0.05422115821366205,0.8310365853658537,0.08620304251187379,0.8699814986123959,0.08573763899645857,0.28355885595083236,0.0812100392975885,0.03493236470967531,0.02932394699421325,0.24862648993730546,0.0678300773141447,0.13404302299022675,0.021943711453928382,0.29143718630075455,0.03707413397313236,nan,nan,nan,nan,nan,nan,nan,nan,nan,nan,nan,nan,nan,nan,nan,nan,nan,nan,nan,nan,nan,nan,nan,nan,nan,nan,nan,nan,nan,nan,nan,nan,nan,nan,nan,nan,nan
C1_global_pair,2,871,0.8461538461538461,0.8449476151089055,0.892764734576149,0.8329177057356608,0.8287841191066998,0.8611111111111112,0.8461859979101358,0.032844054649929455,0.8449721915119245,0.034112666510603344,0.9130482728277791,0.03397999555115941,0.8309054151424121,0.042834334681388725,0.8286585365853657,0.10764685103142568,0.8612858464384828,0.09020057643208115,0.2674730956554413,0.06472505458607775,0.02544015906751156,0.022532322413475175,0.24203293919563293,0.044689951372439723,0.1370232544839382,0.016456535605349827,0.27018761038780215,0.03467384345994699,nan,nan,nan,nan,nan,nan,nan,nan,nan,nan,nan,nan,nan,nan,nan,nan,nan,nan,nan,nan,nan,nan,nan,nan,nan,nan,nan,nan,nan,nan,nan,nan,nan,nan,nan,nan,nan
C2_global_hybrid_medium,0,871,0.8461538461538461,0.843396746622553,0.8827066234014125,0.8290816326530613,0.8064516129032258,0.8803418803418803,0.8461468129571579,0.09590320904466998,0.8434417375510481,0.09853500084550126,0.8911443785113151,0.11084512462748503,0.8255359624101043,0.1163225663265498,0.8064024390243902,0.1440086908506504,0.8804810360777058,0.08575614356645442,0.3176157057285309,0.08400919834771016,0.09372552260756492,0.04412235989459685,0.22389018088579177,0.04969336661467212,0.10600727647542954,0.019482742342106268,0.21766455322504044,0.03227404933883967,nan,nan,nan,nan,nan,nan,nan,nan,nan,nan,nan,nan,nan,nan,nan,nan,nan,nan,nan,nan,nan,nan,nan,nan,nan,nan,nan,nan,nan,nan,nan,nan,nan,nan,nan,nan,nan
C2_global_hybrid_medium,1,871,0.8473019517795637,0.8441204852495174,0.8949279972853174,0.8292682926829268,0.8014888337468983,0.8867521367521367,0.8472701149425287,0.054006554727130285,0.8442783048667675,0.05574016340471342,0.9048501838857426,0.04026020570791919,0.8268608877318655,0.06933066333357206,0.8016463414634145,0.10093752554782927,0.8869102682701204,0.052875378471682354,0.29337427765130997,0.1049376320374236,0.0776347091421485,0.03525460492424045,0.2157395638525486,0.07857032158188362,0.09522488117218017,0.02314520944664135,0.22851584404706954,0.04980671634990285,nan,nan,nan,nan,nan,nan,nan,nan,nan,nan,nan,nan,nan,nan,nan,nan,nan,nan,nan,nan,nan,nan,nan,nan,nan,nan,nan,nan,nan,nan,nan,nan,nan,nan,nan,nan,nan
C2_global_hybrid_medium,2,871,0.8404133180252583,0.8396057347670252,0.8910733600559902,0.8277571251548947,0.8287841191066998,0.8504273504273504,0.8405694879832811,0.060072494292625504,0.8398359694050225,0.058988144697611156,0.9053300354233883,0.037836484210933115,0.8277971368668485,0.05846192813662993,0.8290243902439023,0.10146255146078534,0.8506475485661424,0.11415113970210014,0.3379501596093178,0.11205699156262257,0.09355217311531305,0.047645852958432586,0.24439798444509506,0.07154847171340398,0.10535201355814934,0.016377209528734768,0.2083185851573944,0.03259210819758062,nan,nan,nan,nan,nan,nan,nan,nan,nan,nan,nan,nan,nan,nan,nan,nan,nan,nan,nan,nan,nan,nan,nan,nan,nan,nan,nan,nan,nan,nan,nan,nan,nan,nan,nan,nan,nan
C3_global_hybrid_strong,0,871,0.8610792192881745,0.8588365039977943,0.8974836164662467,0.8466413181242078,0.8287841191066998,0.8888888888888888,0.8610240334378265,0.08495497021599933,0.8586106473229395,0.08763337387206051,0.9051847882493627,0.10460381631136421,0.8435752345359967,0.102395940846733,0.8284146341463414,0.1285691452772567,0.8888066604995373,0.06729917711457029,0.4539714217185974,0.07026076684686941,0.07222989648580551,0.01809806312484194,0.381741526722908,0.060069784529581435,0.23513911068439483,0.03926826982142391,0.13172104805707932,0.02261252659342014,nan,nan,nan,nan,nan,nan,nan,nan,nan,nan,nan,nan,nan,nan,nan,nan,nan,nan,nan,nan,nan,nan,nan,nan,nan,nan,nan,nan,nan,nan,nan,nan,nan,nan,nan,nan,nan
C3_global_hybrid_strong,1,871,0.8404133180252583,0.836848635235732,0.8900341456172722,0.8206451612903226,0.7890818858560794,0.8846153846153846,0.8403735632183909,0.04362419575777856,0.8369192651339095,0.043140529027712815,0.900361397531644,0.04590425973771087,0.8195340293444462,0.049249571404273995,0.7889634146341463,0.09340152975085078,0.8848751156336725,0.09456756485046301,0.46253055334091187,0.10012551777013357,0.1082182314246893,0.05565001590517636,0.35431231558322906,0.06873330497245439,0.21412836164236068,0.05588690601945779,0.14175473377108574,0.022417375474900803,nan,nan,nan,nan,nan,nan,nan,nan,nan,nan,nan,nan,nan,nan,nan,nan,nan,nan,nan,nan,nan,nan,nan,nan,nan,nan,nan,nan,nan,nan,nan,nan,nan,nan,nan,nan,nan
C3_global_hybrid_strong,2,871,0.8450057405281286,0.842328370554177,0.8940001272507476,0.8280254777070063,0.8064516129032258,0.8782051282051282,0.8450626959247648,0.03567474610962468,0.8424083955686921,0.03709765705999884,0.9135062385776495,0.03647775302332942,0.8266218635288156,0.04304566870466607,0.8064634146341463,0.08971554845810073,0.8783533765032377,0.0663493254208068,0.3943387150764465,0.04710766415291709,0.05536280069500208,0.02630073051402812,0.33897590935230254,0.03596082470855323,0.20762365609407424,0.023075506224516564,0.14700063765048982,0.026374359666940583,nan,nan,nan,nan,nan,nan,nan,nan,nan,nan,nan,nan,nan,nan,nan,nan,nan,nan,nan,nan,nan,nan,nan,nan,nan,nan,nan,nan,nan,nan,nan,nan,nan,nan,nan,nan,nan
C4_selective_hybrid_medium,0,871,0.8392652123995408,0.8371588089330024,0.8878814871370702,0.8232323232323232,0.8089330024813896,0.8653846153846154,0.8393025078369906,0.09391854985051179,0.8373973680647999,0.09413168421157204,0.8940181291035852,0.10017735615587635,0.8229819765842958,0.1011106408585818,0.8092073170731707,0.11833124912632509,0.8655874190564292,0.10841179039738542,0.36043155044317243,0.14223710670335019,0.13085577003657817,0.06644687414678033,0.2295757755637169,0.0854225104122014,0.10285833030939102,0.026403252129733257,0.21873747780919076,0.05469125309463876,0.36051812022924423,0.1422323360455235,0.1308579757809639,0.06648815642497734,0.22966014146804808,0.08535663205579924,0.10295411273837089,0.026461353596464007,0.21855833381414413,0.054656885978896466,0.4999729245901108,6.681442919672004e-05,0.000512730100308545,0.0001401782039450418,0.5891762375831604,nan,0.49999503791332245,1.3794503554110031e-05,0.00024500508152414113,4.657805827552405e-05,0.5202426463365555,nan,0.5000033289194107,1.2809815285717884e-05,0.0002534641724196263,6.691118786541325e-05,0.5688697159290313,nan,0.5000028759241104,0.00010071941975776443,0.0007267039269208908,0.00022845543528217068,0.6229884892702102,nan,0.49999354779720306,3.411382699988033e-05,0.0004880539723671973
C4_selective_hybrid_medium,1,871,0.8438576349024111,0.84212158808933,0.8861742062734619,0.8291457286432161,0.8188585607940446,0.8653846153846154,0.8438740856844305,0.037530075636226144,0.8422144412355317,0.038692526423807105,0.8995834367455607,0.04014522622674689,0.8278342986621544,0.04529930911101977,0.8188414634146343,0.08682571416403775,0.8655874190564292,0.06780379235584183,0.2880915701389313,0.10127600101957714,0.07705006829928607,0.0529533572262783,0.2110415019094944,0.05719217521602102,0.0953337237238884,0.01944039347234031,0.22730939388275145,0.05249990600467,0.28817214220762255,0.10123861942878673,0.07706720288842916,0.05294347121587281,0.21110493838787078,0.05716494921113611,0.09523794129490852,0.01937199177595497,0.22719637602567672,0.052440301165304716,0.5000224977731704,5.108324472705443e-05,0.00047503833775408566,0.0001126612604346171,0.6166666567325592,nan,0.49999845325946807,1.6195480369009937e-05,0.0002412052941508591,7.543738130028672e-05,0.5443486422300339,nan,0.49999470114707945,2.7026760586612536e-05,0.0002631676019518636,6.820151445625008e-05,0.5472541362047195,nan,0.499970418214798,7.704449313202271e-05,0.0006000922207022086,0.00016863068211313623,0.5999368458986283,nan,0.4999965190887451,2.2802643025622393e-05,0.0004302230488974601
C4_selective_hybrid_medium,2,871,0.8576349024110218,0.8578715191618418,0.8954794171915761,0.8484107579462102,0.8610421836228288,0.8547008547008547,0.8577063740856843,0.02658538551377645,0.857900346336951,0.025823853163371834,0.9104321879018975,0.03455410311943608,0.8481420047115936,0.027068806703893982,0.8610365853658536,0.0764489500631704,0.8547641073080481,0.07811010594617636,0.3235886603593826,0.08664113078851991,0.09796239137649536,0.059219681763144946,0.22562626600265503,0.038946148870036126,0.10046369060873986,0.015003542016523,0.22592986673116683,0.045418954247647816,0.32366153299808503,0.08656896518329257,0.09803760796785355,0.05938202727572117,0.22562392354011535,0.038700898567276716,0.10036790445446968,0.014930895192035993,0.22575532644987106,0.0453645205908869,0.4999949485063553,5.639884986280828e-05,0.0005136353167472408,0.00013641935822970684,0.5805555522441864,nan,0.5000029236078263,2.906349226104901e-05,0.00024365839344682173,6.840854514783513e-05,0.5590038239955902,nan,0.49999367594718935,1.964921656677422e-05,0.0002593866141978651,5.2502959235763465e-05,0.5499999821186066,nan,0.5000013321638107,5.000056467700631e-05,0.0006884932721732184,0.0004004371492216286,0.5949233531951904,nan,0.49999821484088897,2.07594821812894e-05,0.00047697429545223713
C5_selective_hybrid_strong,0,871,0.8495981630309989,0.846774193548387,0.8723887086169965,0.8326947637292464,0.8089330024813896,0.8846153846153846,0.8495950888192269,0.08927689678636856,0.8469034994697774,0.09076431815880108,0.8939050901378579,0.10996509466232529,0.8311644724453835,0.10259595542442049,0.8090243902439024,0.1238289717746887,0.8847826086956522,0.09027696896837653,0.40964687466621397,0.08257642311487905,0.0787213858217001,0.05573812088901014,0.3309254914522171,0.04556617081719193,0.19292602837085723,0.025003246841430616,0.14709335267543794,0.02465945580941879,0.40980991125106814,0.08249000915908317,0.07867352254688739,0.05567603820317427,0.33113638758659364,0.04547518354681722,0.19282915443181992,0.024947968786410805,0.14696037471294404,0.024630833697157354,0.49999251663684846,6.796732429160673e-05,0.0008045949682127685,0.0003949828938447281,0.5611430257558823,nan,0.4999858021736145,4.148647223962439e-05,0.0005149000295205042,0.00014624523674252614,0.5749999850988388,nan,0.5000055998563766,3.5871855579056e-05,0.00043144527298863975,9.895015173824201e-05,0.5542464762926101,nan,0.4999647796154022,0.0001429632379537463,0.0014340752502903342,0.0003506558351093389,0.5780332028865814,nan,0.49998717904090884,2.7684355277165822e-05,0.0008997057273518294
C5_selective_hybrid_strong,1,871,0.8346727898966705,0.8325406672180866,0.8873512756887447,0.8181818181818182,0.8039702233250621,0.8611111111111112,0.8346394984326018,0.0400142516910409,0.8326393526770606,0.041268262500109405,0.9033476230229462,0.04392604600800659,0.8158425840211366,0.050913641522993144,0.8040853658536584,0.10820266605298728,0.8611933395004625,0.07968626907452468,0.44290641248226165,0.10175290200433607,0.07371677607297897,0.029959231166243074,0.3691896378993988,0.07919646311967549,0.2260449320077896,0.05268683823829283,0.13732484951615334,0.028702924580548808,0.4431352406740189,0.10175151797732335,0.07376015745103359,0.02999276139988633,0.3693750828504562,0.07914741310490324,0.2260449305176735,0.05273325260525293,0.13707015812397003,0.028803888821006336,0.49999823570251467,9.557438269884923e-05,0.0008177970186807216,0.00014978008243965617,0.5694444417953491,nan,0.4999871075153351,1.826748228084065e-05,0.00043893608381040394,8.133960141705838e-05,0.5500957727432251,nan,0.49997477829456327,2.2004171588900977e-05,0.00039673121937084944,9.457832949886649e-05,0.5077586144208908,nan,0.4999352008104324,0.00012384793090731007,0.00192220559110865,0.0005948428456835243,0.6478288471698761,nan,0.4999738335609436,4.0689206788665546e-05,0.0010951199976261706
C5_selective_hybrid_strong,2,871,0.8312284730195177,0.8289909015715466,0.8878655807936207,0.8141592920353983,0.7990074441687345,0.8589743589743589,0.8312565308254962,0.07160190231283696,0.8289388495295682,0.07382917772470443,0.8785950790821506,0.10239851460949469,0.8117524650589496,0.08781693387033261,0.7987195121951219,0.11216472208038829,0.8591581868640148,0.06328194694239757,0.41053363084793093,0.07003604210405472,0.09656229969114065,0.12658501364572428,0.3139713317155838,0.07828909410107907,0.19509644508361818,0.04348729180727953,0.15807512104511262,0.025323692863664756,0.41076918244361876,0.06994894803125284,0.0965558435767889,0.1265602297101491,0.31421333849430083,0.07839359787744808,0.1943345159292221,0.04362605429189889,0.1577899619936943,0.02525680736262152,0.5000312626361847,9.274664467510321e-05,0.000792005643597804,0.0003500969230313509,0.5556513369083405,nan,0.49999894201755524,2.798342062011044e-05,0.0005393068859120831,0.00040007275068107553,0.5792783975601197,nan,0.5000198632478714,4.323642956183492e-05,0.0005650549195706844,0.00044585591465203564,0.5646870851516723,nan,0.4999640703201294,0.0001880385834122859,0.0015083744539879263,0.0002464782790656612,0.5815772533416748,nan,0.5000035315752029,4.0786593259178544e-05,0.0009662964381277561
