config,pair_name,mean_weight,std_weight,mean_score,std_score,top1_count,top1_frequency,top3_count,top3_frequency,test_cos_gap_mean,test_R1_mean,test_CMMD_mean
E0_baseline,PHENO_ANAT,nan,nan,nan,nan,0,0.0,0,0.0,0.06058352291584015,0.020282567044099174,0.31943302750587466
E0_baseline,PHENO_FUNC,nan,nan,nan,nan,0,0.0,0,0.0,0.04993798720339934,0.016836468192438284,0.33884721994400024
E0_baseline,PHENO_Correlation,nan,nan,nan,nan,0,0.0,0,0.0,0.1115439728523294,0.02353709526360035,0.6525491813818614
E0_baseline,ANAT_FUNC,nan,nan,nan,nan,0,0.0,0,0.0,0.03298829613874356,0.017609282458821932,0.11743338604768118
E0_baseline,ANAT_Correlation,nan,nan,nan,nan,0,0.0,0,0.0,0.0990111032500863,0.020276036237676938,0.4185330420732498
E0_baseline,FUNC_Correlation,nan,nan,nan,nan,0,0.0,0,0.0,0.06811163543413083,0.020093173223237195,0.41281185547510785
E1_uniform_global,PHENO_ANAT,1.0,0.0,nan,nan,30,1.0,30,1.0,0.47199407319227854,0.3352729916572571,0.0768120954434077
E1_uniform_global,PHENO_FUNC,1.0,0.0,nan,nan,0,0.0,30,1.0,0.4964098006486893,0.3021769419312477,0.08687366942564646
E1_uniform_global,PHENO_Correlation,1.0,0.0,nan,nan,0,0.0,30,1.0,0.33767057160536446,0.20780868778626124,0.18735923568407695
E1_uniform_global,ANAT_FUNC,1.0,0.0,nan,nan,0,0.0,0,0.0,0.3193688154220581,0.19514977609117826,0.09117723107337952
E1_uniform_global,ANAT_Correlation,1.0,0.0,nan,nan,0,0.0,0,0.0,0.2632158001263936,0.14459247539440792,0.1966766446828842
E1_uniform_global,FUNC_Correlation,1.0,0.0,nan,nan,0,0.0,0,0.0,0.261400398115317,0.12878134697675706,0.20205396215120952
E2_diagnosis_adaptive,PHENO_ANAT,1.0188447475433349,0.0051237378980520335,-0.005249907410082718,0.016886420107295182,14,0.4666666666666667,30,1.0,0.4627559632062912,0.3244470571478208,0.0840811014175415
E2_diagnosis_adaptive,PHENO_FUNC,1.0139294107755026,0.003790126920288216,-0.016969513163591424,0.01670065266832187,0,0.0,30,1.0,0.4813432862361272,0.3005747129519781,0.09514342149098715
E2_diagnosis_adaptive,PHENO_Correlation,0.9835213383038839,0.004874452240361126,-0.0768193107098341,0.01671035128950156,0,0.0,0,0.0,0.3296524296204249,0.2024207594494025,0.20086535116036733
E2_diagnosis_adaptive,ANAT_FUNC,1.0194413185119628,0.004677863488473878,5.68394820826749e-05,0.010509253853591274,16,0.5333333333333333,30,1.0,0.32942432661851245,0.20161529282728832,0.08975256780783335
E2_diagnosis_adaptive,ANAT_Correlation,0.9825406392415365,0.003855406291104952,-0.07576395223538081,0.013151127727456881,0,0.0,0,0.0,0.2694323795537154,0.1407915361225605,0.1938694049914678
E2_diagnosis_adaptive,FUNC_Correlation,0.9817224522431691,0.004642873148334579,-0.07611880252758661,0.013005441380788641,0,0.0,0,0.0,0.2663497537374496,0.13587600166598957,0.19627019961675007
E3_shuffled_adaptive,PHENO_ANAT,1.014159615834554,0.0037937624162214852,-0.004776436979106317,0.014967255443000992,1,0.03333333333333333,30,1.0,0.46846430798371635,0.3319770981868108,0.08100961446762085
E3_shuffled_adaptive,PHENO_FUNC,0.9828799804051717,0.005256709232978342,-0.014723181747831405,0.01707814734778991,0,0.0,0,0.0,0.4992189288139343,0.3099508007367452,0.08659536143143971
E3_shuffled_adaptive,PHENO_Correlation,1.0195667346318562,0.004628300681084798,-0.0699435635159413,0.019762565333309962,16,0.5333333333333333,30,1.0,0.33054878761370976,0.20221830358107884,0.1921698401371638
E3_shuffled_adaptive,ANAT_FUNC,0.9825078964233398,0.004266033945378419,-0.0015306477124492326,0.00931802163112138,0,0.0,0,0.0,0.3196580405036608,0.1844370447099209,0.09080834090709686
E3_shuffled_adaptive,ANAT_Correlation,0.9818475087483723,0.003676809408918444,-0.0686149463057518,0.01525295210160618,0,0.0,0,0.0,0.2713721935947736,0.15385101040204366,0.19048212269941966
E3_shuffled_adaptive,FUNC_Correlation,1.0190382838249206,0.0045868983553201,-0.07062562070786953,0.01632541968652165,13,0.43333333333333335,30,1.0,0.27330269316832223,0.13165055736899375,0.1977771242459615
E4_adaptive_top3,PHENO_ANAT,1.9377677162488303,0.3660096356818464,0.003894699035057177,0.017241509641452515,23,0.7666666666666667,29,0.9666666666666667,0.525396078824997,0.3746669222911199,0.05930263698101044
E4_adaptive_top3,PHENO_FUNC,1.995088799794515,0.0032218035710172843,-0.0030070836655795574,0.017864822998444812,1,0.03333333333333333,30,1.0,0.5409477839867274,0.3375000002483527,0.07031553586324056
E4_adaptive_top3,PHENO_Correlation,0.0669702688852946,0.366811269506622,-0.07427672392223031,0.026447453519987906,1,0.03333333333333333,1,0.03333333333333333,0.16681840444604557,0.058174416919549304,0.3494720210631688
E4_adaptive_top3,ANAT_FUNC,1.9337185740470886,0.3652333834801828,0.002105744396491597,0.012767916596999992,5,0.16666666666666666,29,0.9666666666666667,0.3735756476720174,0.24646029323339463,0.08263324101765951
E4_adaptive_top3,ANAT_Correlation,0.06645436684290568,0.36398555764582813,-0.08065557448814313,0.024275268046320197,0,0.0,1,0.03333333333333333,0.1644699246933063,0.05070968326181173,0.35036201278368634
E4_adaptive_top3,FUNC_Correlation,0.0,0.0,-0.08394696343069276,0.02455260578008102,0,0.0,0,0.0,0.1208968431999286,0.053010710949699086,0.34789747893810274
E5_balanced_sparse_control,PHENO_ANAT,1.0666666666666667,1.0148325268098497,nan,nan,16,0.5333333333333333,16,0.5333333333333333,0.45741790235042573,0.3115181977550189,0.08358441094557444
E5_balanced_sparse_control,PHENO_FUNC,0.9333333333333333,1.0148325268098497,nan,nan,14,0.4666666666666667,14,0.4666666666666667,0.4850571086009344,0.29161006609598794,0.09136982262134552
E5_balanced_sparse_control,PHENO_Correlation,1.0666666666666667,1.0148325268098497,nan,nan,0,0.0,16,0.5333333333333333,0.31597064236799877,0.19897683685024578,0.21707378129164379
E5_balanced_sparse_control,ANAT_FUNC,0.9333333333333333,1.0148325268098497,nan,nan,0,0.0,14,0.4666666666666667,0.30220800389846164,0.1792755144337813,0.09305659631888072
E5_balanced_sparse_control,ANAT_Correlation,1.0666666666666667,1.0148325268098497,nan,nan,0,0.0,16,0.5333333333333333,0.24472512875994046,0.1275992676615715,0.21955502529939017
E5_balanced_sparse_control,FUNC_Correlation,0.9333333333333333,1.0148325268098497,nan,nan,0,0.0,14,0.4666666666666667,0.25054293175538384,0.12114028260111809,0.2191364844640096
