config,seed,n_oof,acc,balanced_acc,asd_auc,asd_f1,asd_sensitivity,nc_specificity,fold_mean_raw_global_cos_gap,fold_std_raw_global_cos_gap,fold_mean_raw_global_R1,fold_std_raw_global_R1,fold_mean_raw_global_CMMD,fold_std_raw_global_CMMD,fold_mean_pair_weight_std,fold_std_pair_weight_std,fold_mean_pair_weight_entropy,fold_std_pair_weight_entropy,fold_mean_score_P0,fold_std_score_P0,fold_mean_weight_P0,fold_std_weight_P0,fold_mean_P0_cos_gap,fold_std_P0_cos_gap,fold_mean_P0_R1,fold_std_P0_R1,fold_mean_P0_CMMD,fold_std_P0_CMMD,fold_mean_score_P1,fold_std_score_P1,fold_mean_weight_P1,fold_std_weight_P1,fold_mean_P1_cos_gap,fold_std_P1_cos_gap,fold_mean_P1_R1,fold_std_P1_R1,fold_mean_P1_CMMD,fold_std_P1_CMMD,fold_mean_score_P2,fold_std_score_P2,fold_mean_weight_P2,fold_std_weight_P2,fold_mean_P2_cos_gap,fold_std_P2_cos_gap,fold_mean_P2_R1,fold_std_P2_R1,fold_mean_P2_CMMD,fold_std_P2_CMMD,fold_mean_score_P3,fold_std_score_P3,fold_mean_weight_P3,fold_std_weight_P3,fold_mean_P3_cos_gap,fold_std_P3_cos_gap,fold_mean_P3_R1,fold_std_P3_R1,fold_mean_P3_CMMD,fold_std_P3_CMMD,fold_mean_score_P4,fold_std_score_P4,fold_mean_weight_P4,fold_std_weight_P4,fold_mean_P4_cos_gap,fold_std_P4_cos_gap,fold_mean_P4_R1,fold_std_P4_R1,fold_mean_P4_CMMD,fold_std_P4_CMMD,fold_mean_score_P5,fold_std_score_P5,fold_mean_weight_P5,fold_std_weight_P5,fold_mean_P5_cos_gap,fold_std_P5_cos_gap,fold_mean_P5_R1,fold_std_P5_R1,fold_mean_P5_CMMD,fold_std_P5_CMMD,runtime_sec_mean,runtime_sec_std,base_init_sha256
E0_baseline,0,871,0.8381171067738232,0.8371243451888613,0.8649339356535388,0.8248447204968944,0.8238213399503722,0.8504273504273504,0.07343213642016053,0.07646840986820351,0.020464342087507248,0.0067409793330963415,0.3651207208633423,0.0329452432132572,nan,nan,nan,nan,nan,nan,nan,nan,0.06389556042850017,0.08290984551457445,0.018939394131302835,0.012121794220990639,0.3235463261604309,0.045577055435497615,nan,nan,nan,nan,0.04912492223083973,0.04610858164556758,0.016627481766045095,0.0077772723391958416,0.3418400436639786,0.038974273635455615,nan,nan,nan,nan,0.1260913036763668,0.09031602551481195,0.025835946016013623,0.00949142700867861,0.6281225562095643,0.0802201653153504,nan,nan,nan,nan,0.03044424206018448,0.07798277887242036,0.019507575780153275,0.011843525979400018,0.11604446172714233,0.013802256690013568,nan,nan,nan,nan,0.10472160913050174,0.12010137366016431,0.021218652091920375,0.012353083417041699,0.394957560300827,0.05176107181988097,nan,nan,nan,nan,0.06631515938788653,0.06300540620731356,0.020657001063227654,0.010535321224604629,0.38621328473091127,0.051180861209154806,5.117444381117821,1.6992976408399154,972f662c922f3f02355d79787c586293ea503c3c0736d55ac815c57e920a5b22
E0_baseline,1,871,0.8323765786452354,0.8281637717121588,0.8792416915866048,0.8098958333333333,0.771712158808933,0.8846153846153846,0.06337398737668991,0.06975049043654775,0.018278692569583654,0.007212755571439487,0.3803209483623505,0.03021438955868083,nan,nan,nan,nan,nan,nan,nan,nan,0.042351997643709186,0.05886824211453085,0.02125130593776703,0.014100675343229029,0.31199986338615415,0.026249677515027155,nan,nan,nan,nan,0.048106948286294936,0.0475230657636784,0.014929467253386975,0.012180615364102573,0.3363970428705215,0.037686608127299764,nan,nan,nan,nan,0.08851362634450197,0.0732438230394889,0.020657001063227654,0.0067032879422768326,0.665484219789505,0.08220394880598211,nan,nan,nan,nan,0.02870739921927452,0.07780641164305667,0.01895898636430502,0.01119541091014087,0.11980928182601928,0.024038449022342336,nan,nan,nan,nan,0.09860203359276057,0.09950035082243018,0.017228317633271217,0.008577139707159134,0.4259088307619095,0.05603417984989623,nan,nan,nan,nan,0.07396189421415329,0.07963032881621895,0.01664707437157631,0.009166267360255843,0.4223263472318649,0.04828393759772443,5.8817822184413675,1.1663915002625944,2920d1a2d1c5d32a82a360b076199906c5b1dcce2976f609794a649b4f24b965
E0_baseline,2,871,0.8507462686567164,0.8483595257788806,0.8903522724862675,0.8350253807106599,0.8163771712158809,0.8803418803418803,0.07428214475512504,0.06178442686695112,0.020574278198182583,0.004259425684354157,0.3843622386455536,0.040205740595020155,nan,nan,nan,nan,nan,nan,nan,nan,0.0755030106753111,0.08246594779557789,0.020657001063227654,0.012742533361542267,0.3227528929710388,0.0535782622518944,nan,nan,nan,nan,0.05258209109306335,0.05307753608024436,0.018952455557882785,0.00816360726763239,0.33830457329750063,0.05079256106282613,nan,nan,nan,nan,0.12002698853611946,0.06110159516738337,0.024118338711559772,0.010437161632797174,0.6640407681465149,0.07604273590865793,nan,nan,nan,nan,0.03981324713677168,0.04803267926081874,0.014361285232007503,0.010233222082503731,0.11644641458988189,0.008646553849992708,nan,nan,nan,nan,0.09370966702699661,0.08326535240644868,0.022381138987839222,0.005675772165938929,0.43473273515701294,0.06772113844670463,nan,nan,nan,nan,0.06405785270035266,0.06486063430724658,0.022975444234907626,0.016928989642074867,0.4298959344625473,0.06107459284007587,5.74254160001874,1.4059405620900187,3482fd1c35313837f9b4cdf339fe1875d374253e510d1b51c5562b21b7b7d154
E1_uniform_global,0,871,0.8610792192881745,0.8588365039977943,0.8974836164662467,0.8466413181242078,0.8287841191066998,0.8888888888888888,0.381741526722908,0.060069784529581435,0.23513911068439483,0.03926826982142391,0.13172104805707932,0.02261252659342014,0.0,0.0,1.0000001192092896,0.0,nan,nan,1.0,0.0,0.4993102103471756,0.06087989609788096,0.3725770652294159,0.07028541057960706,0.07170875072479248,0.01835346663804868,nan,nan,1.0,0.0,0.50726498067379,0.025447468344012236,0.3226293087005615,0.03652185464896885,0.08456002473831177,0.009750676586261478,nan,nan,1.0,0.0,0.36940551102161406,0.05872402803171687,0.2198798328638077,0.03274306663427223,0.17075334191322328,0.0372044072835461,nan,nan,1.0,0.0,0.339711332321167,0.08588322668290434,0.2157588854432106,0.06770805954084758,0.09041618406772614,0.0072058882412459144,nan,nan,1.0,0.0,0.2960595637559891,0.11331570815661318,0.1577324979007244,0.07179191911983616,0.1823483169078827,0.04938368991520714,nan,nan,1.0,0.0,0.27869745939970014,0.04896190574228841,0.12225705310702324,0.019601572016015926,0.19053962528705598,0.034842158184437,15.71514558494091,3.273818016179787,972f662c922f3f02355d79787c586293ea503c3c0736d55ac815c57e920a5b22
E1_uniform_global,1,871,0.8404133180252583,0.836848635235732,0.8900341456172722,0.8206451612903226,0.7890818858560794,0.8846153846153846,0.35431231558322906,0.06873330497245439,0.21412836164236068,0.05588690601945779,0.14175473377108574,0.022417375474900803,0.0,0.0,1.0000001192092896,0.0,nan,nan,1.0,0.0,0.45251780152320864,0.07617506949381683,0.31345349848270415,0.10165514594336007,0.07358959913253785,0.020553784068308073,nan,nan,1.0,0.0,0.48299979567527773,0.05921153862037849,0.2864942565560341,0.06304472545086494,0.0880078285932541,0.016284608544979845,nan,nan,1.0,0.0,0.30752533972263335,0.0737334299669597,0.1854623794555664,0.06201399050768868,0.19856210947036743,0.03984257277677364,nan,nan,1.0,0.0,0.34078280478715894,0.1062293983744781,0.19915752857923508,0.07663852827030362,0.09160997867584228,0.014832601297825498,nan,nan,1.0,0.0,0.2789254769682884,0.11407981279188863,0.16127873286604882,0.07841198747033197,0.19641945362091065,0.044357108632197814,nan,nan,1.0,0.0,0.2631226539611816,0.06606961157272066,0.1389237180352211,0.037036949258222436,0.20233944654464722,0.03955574460453791,17.41274917386472,3.2316031300381325,2920d1a2d1c5d32a82a360b076199906c5b1dcce2976f609794a649b4f24b965
E1_uniform_global,2,871,0.8450057405281286,0.842328370554177,0.8940001272507476,0.8280254777070063,0.8064516129032258,0.8782051282051282,0.33897590935230254,0.03596082470855323,0.20762365609407424,0.023075506224516564,0.14700063765048982,0.026374359666940583,0.0,0.0,1.0000001192092896,0.0,nan,nan,1.0,0.0,0.46415420770645144,0.04590725106539383,0.3197884112596512,0.04355311943429853,0.08513793647289276,0.01125648929125541,nan,nan,1.0,0.0,0.4989646255970001,0.05383546139723483,0.2974072605371475,0.05535005715968125,0.08805315494537354,0.00726138254021864,nan,nan,1.0,0.0,0.336080864071846,0.08366364240506025,0.21808385103940964,0.032883470157097305,0.19276225566864014,0.05057819264023448,nan,nan,1.0,0.0,0.27761230915784835,0.035700245539156183,0.1705329142510891,0.04767290643055509,0.09150553047657013,0.007827401229874334,nan,nan,1.0,0.0,0.2146623596549034,0.052476201297064366,0.1147661954164505,0.02891319987673166,0.21126216351985933,0.05566126343176274,nan,nan,1.0,0.0,0.24238108098506927,0.04345601988284917,0.1251632697880268,0.030821549406467936,0.21328281462192536,0.05854895091095001,15.526219073683023,2.170400473085612,3482fd1c35313837f9b4cdf339fe1875d374253e510d1b51c5562b21b7b7d154
E2_diagnosis_adaptive,0,871,0.8541905855338691,0.8527708850289495,0.8552946915229793,0.8410513141426784,0.8337468982630273,0.8717948717948718,0.38052071034908297,0.06194072291213967,0.2283960372209549,0.04634785783970116,0.14170416668057442,0.03971598694968646,0.018853379879146814,0.002718821192820631,0.9998989641666413,2.961355201831681e-05,-0.004116395302116871,0.012934440152223602,1.0202446699142456,0.004409446424648784,0.48922778069972994,0.05220918995316559,0.35574713051319123,0.09096894525308623,0.07731344699859619,0.02130080700453098,-0.01690171556547284,0.012011871791663856,1.0142797827720642,0.003159149792134416,0.48919703662395475,0.04332578148321219,0.30709247291088104,0.05235737412981001,0.09460249543190002,0.024213270866838308,-0.07106278277933598,0.012625520774334181,0.9828076601028443,0.0035401425077327704,0.3569727003574371,0.11596517153565201,0.2077782168984413,0.056677878444695205,0.207369065284729,0.08865070510658135,0.0016505500534549356,0.007451268070231257,1.0212496638298034,0.0035066146276390665,0.36592852175235746,0.07892607405033336,0.22718782871961593,0.08608259374048093,0.08719837665557861,0.009408878765949863,-0.06943856552243233,0.012374285258450468,0.9817872107028961,0.003110028037417277,0.3010849341750145,0.09454708286349711,0.14052377119660378,0.05063546172276982,0.18910526037216185,0.05696594784455095,-0.07457035258412362,0.013676850589177662,0.9796308994293212,0.0029048497254682134,0.28071317821741104,0.07055187104376114,0.13204675987362863,0.04633504621672763,0.19463634192943574,0.05355637955877301,21.18536397367716,2.8170920877484473,972f662c922f3f02355d79787c586293ea503c3c0736d55ac815c57e920a5b22
E2_diagnosis_adaptive,1,871,0.8507462686567164,0.8485318444995864,0.8969428007889546,0.8354430379746836,0.8188585607940446,0.8782051282051282,0.3396336406469345,0.05538759110099247,0.2050679251551628,0.04342147550214784,0.14104629904031754,0.022951993630695503,0.018088760040700435,0.0044520907001570735,0.9999037146568298,5.022756409033058e-05,-0.006403002655133605,0.02527543982777114,1.0189050674438476,0.0056566250449056575,0.4438707739114761,0.06837589687887054,0.2886363625526428,0.08388273741773244,0.0898944079875946,0.025897891802193113,-0.017591505451127885,0.0235555689966528,1.0146331071853638,0.004613029155164136,0.4723227024078369,0.04707435045676549,0.2909678727388382,0.06861741379051471,0.09523341953754424,0.015645928970513024,-0.08188011907041073,0.017052617195060904,0.9824163854122162,0.005822381847192577,0.30830889046192167,0.05361601968900741,0.19115725979208947,0.03924601417550156,0.1906933069229126,0.03815551290345544,0.000382693437859416,0.013874075916889363,1.0201757073402404,0.0040052068199489576,0.3064151719212532,0.09217471575063436,0.17721395194530487,0.06932288760070796,0.08980308175086975,0.011711077687077973,-0.08052773848176002,0.01168178639966729,0.9815734565258026,0.0043791599804287335,0.24790018945932388,0.08240928670899246,0.14864812046289444,0.05116838501615181,0.19028938114643096,0.036802572971879735,-0.07958963587880134,0.012549449061747734,0.982296246290207,0.00463850715639825,0.25898404866456987,0.047331639724874836,0.1337839610874653,0.03351115063339406,0.19036414921283723,0.028188837893929727,18.83746873475611,3.599832801751921,2920d1a2d1c5d32a82a360b076199906c5b1dcce2976f609794a649b4f24b965
E2_diagnosis_adaptive,2,871,0.8530424799081515,0.8501516404742211,0.8933532692837904,0.8363171355498722,0.8114143920595533,0.8888888888888888,0.34932475686073305,0.0639197454323915,0.21939872950315475,0.047251574261416504,0.14724056199193,0.028387505261635748,0.015913092903792857,0.004435395349529556,0.9999243736267089,3.7624333214006644e-05,-0.005230324272997677,0.010476997629145064,1.0173845052719117,0.005347949795049535,0.45516933500766754,0.05970746293022183,0.32895767837762835,0.08611082327327134,0.08503544926643372,0.02113062889561258,-0.016415318474173546,0.014099279366503716,1.0128753423690795,0.0036202258637122843,0.48251011967658997,0.05627657424874215,0.3036637932062149,0.04632002786310909,0.09559434950351715,0.021917840409915346,-0.07751503027975559,0.01958952499607714,0.9853399693965912,0.004952853670461794,0.32367569804191587,0.08531671508683843,0.2083268016576767,0.04357711645804755,0.2045336812734604,0.050391170426666514,-0.001862725045066327,0.010041455477735366,1.0168985843658447,0.005545750931580866,0.3159292861819267,0.09657286280806553,0.2004440978169441,0.0918685649540969,0.0922562450170517,0.012056577077901495,-0.07732555270195007,0.013975777885091847,0.9842612504959106,0.0037532315423520184,0.2593120150268078,0.10013948051839805,0.1332027167081833,0.05807792784890219,0.20221357345581054,0.046841026775734436,-0.0741964191198349,0.01342799746044229,0.9832402110099793,0.005631977266852284,0.259352034330368,0.04076632650354593,0.14179728403687478,0.03115891598337519,0.2038101077079773,0.04774218177694303,17.13164140470326,2.5642565274422506,3482fd1c35313837f9b4cdf339fe1875d374253e510d1b51c5562b21b7b7d154
E3_shuffled_adaptive,0,871,0.8587830080367393,0.857905982905983,0.8936713961527857,0.8472049689440992,0.8461538461538461,0.8696581196581197,0.3751094967126846,0.07234709717348109,0.22379833906888963,0.0427330703711946,0.13180391266942024,0.024553881602431847,0.01673266775906086,0.0035157032769488803,0.9999187827110291,3.2945720573299695e-05,-0.010910135204903781,0.01133038943957243,1.0126394629478455,0.002709295076569618,0.47921894788742064,0.05641887654814373,0.3352729856967926,0.08374521791846108,0.07802414000034333,0.017772776420916042,-0.019891314301639797,0.01119402911561771,0.9843861043453217,0.003980361502167847,0.5034262508153915,0.025943098076760995,0.3174373030662537,0.03367137548251381,0.0835557997226715,0.009813183661553565,-0.0716249655932188,0.013845409417718803,1.0189635515213014,0.004726177595679926,0.3654596358537674,0.06199879499940969,0.21986677199602128,0.032427407552341254,0.17156035900115968,0.04113958588792975,-0.0038354584597982467,0.0062461987911085395,0.9838847517967224,0.0041349880944533115,0.32196089923381804,0.11248614199149348,0.1900404915213585,0.05117846731847228,0.093293896317482,0.00802343561378926,-0.07006086446344853,0.010548153829192443,0.9821641504764557,0.003482355595076621,0.2922982782125473,0.1440888555392587,0.15043756738305092,0.08046280407511146,0.17713858783245087,0.053208066621674,-0.07150076627731324,0.0073591379248053425,1.0179619908332824,0.004183190158891894,0.2882928714156151,0.06854950200687603,0.1297348476946354,0.039084797564064064,0.18725063800811767,0.04424089007380218,18.151586966961624,3.3627527215444393,972f662c922f3f02355d79787c586293ea503c3c0736d55ac815c57e920a5b22
E3_shuffled_adaptive,1,871,0.8438576349024111,0.8405707196029777,0.888888888888889,0.8251928020565552,0.7965260545905707,0.8846153846153846,0.3478537619113922,0.06946490434696605,0.21600597649812697,0.03784559463009584,0.14649321585893632,0.037540635545566484,0.018156086280941963,0.004104731625540295,0.999903780221939,4.350074809558003e-05,0.00013907147804275154,0.018413949969551733,1.0147799611091615,0.003964109649510316,0.4609826147556305,0.06225670544154764,0.32144070565700533,0.06551334011645754,0.08211753070354462,0.01742861394798596,-0.006730166147463024,0.015610267948768498,0.982420003414154,0.00501245117031706,0.49104717969894407,0.04097686091346359,0.3030629575252533,0.035926102688995355,0.08558212220668793,0.014512323286200184,-0.0609757199883461,0.022819998325046012,1.0201044082641602,0.004211371435752597,0.3101405337452888,0.08461096710929744,0.20487852692604064,0.05027865042614695,0.20170804858207703,0.06816168140702861,-8.439935045316816e-05,0.011109366732507474,0.9810700654983521,0.0043659004688135095,0.3096562474966049,0.09073154399390375,0.17439263612031936,0.06359361527275438,0.09081257283687591,0.01162635386483174,-0.06550634875893593,0.015291900571556613,0.9824979603290558,0.004019288896606642,0.25282291769981385,0.13446853409212625,0.1567398115992546,0.08402882678350916,0.20709644854068757,0.07466985299277872,-0.06449376679956913,0.016044570135854495,1.0191276311874389,0.00496794475504454,0.2624730259180069,0.07462505489002488,0.13552116155624389,0.03689834158337757,0.21164247691631316,0.0746536835825122,19.076274251192807,3.492556326713261,2920d1a2d1c5d32a82a360b076199906c5b1dcce2976f609794a649b4f24b965
E3_shuffled_adaptive,2,871,0.851894374282434,0.8511510890543148,0.8997900362664629,0.8401486988847583,0.8411910669975186,0.8611111111111112,0.3583192527294159,0.05866316067701083,0.21723811477422714,0.04649631743796816,0.14112409949302673,0.02123591915369283,0.01841790582984686,0.004500295233827533,0.9999002516269684,4.5032677703990974e-05,-0.003558247210457921,0.013567924544816638,1.0150594234466552,0.004407605683474938,0.46519136130809785,0.049818063981419386,0.3392176032066345,0.06409447971134034,0.08288717269897461,0.023166305232098124,-0.017548064794391395,0.021477562042505314,0.9818338334560395,0.006640792716169476,0.5031833559274673,0.04900840940184098,0.30935214161872865,0.056527538793817195,0.09064816236495972,0.02013417140446728,-0.07723000496625901,0.019862767804374987,1.0196322441101073,0.005312355298992552,0.31604619324207306,0.058400719181682596,0.18190961182117463,0.04470105294998714,0.2032411128282547,0.04050562300119419,-0.0006720853270962834,0.010406375539664127,0.982568871974945,0.004251422467927976,0.32735697478055953,0.0812393450992029,0.18887800648808478,0.06503119898568463,0.08831855356693268,0.009064282322619879,-0.07027762569487095,0.01970839169314113,0.9808804154396057,0.003695783706166902,0.2689953848719597,0.11736910199898554,0.15437565222382546,0.0843683847894476,0.18721133172512056,0.03534789378012314,-0.07588232904672623,0.02176850244153086,1.0200252294540406,0.004820430500469563,0.2691421821713448,0.05513029369756006,0.12969566285610198,0.02777972951633872,0.19443825781345367,0.025177442694281425,18.177668661624192,2.961990604188722,3482fd1c35313837f9b4cdf339fe1875d374253e510d1b51c5562b21b7b7d154
E4_adaptive_top3,0,871,0.8587830080367393,0.8561827956989247,0.8648650081652564,0.843312101910828,0.8213399503722084,0.8910256410256411,0.358967724442482,0.06481324370153059,0.20630333870649337,0.049595371008765855,0.1934399276971817,0.03163908745454149,1.0000092387199402,4.785972140027537e-06,0.6131445825099945,1.3296720270627959e-06,0.007136610336601734,0.015441616016511511,2.0054612874984743,0.0051649728737878445,0.5728082448244095,0.05664992237246206,0.41950103640556335,0.11480317876995272,0.05032292604446411,0.01372464422826367,-0.0021895683137699963,0.017674773878373577,1.9940207362174989,0.003622272114538993,0.5776999711990356,0.04604453050193148,0.3615856856107712,0.058801228898779596,0.06473632454872132,0.007604446967563648,-0.07512564770877361,0.019419781550888703,0.0,0.0,0.21103388965129852,0.07884029879943522,0.0567985899746418,0.022601102754657893,0.32124748826026917,0.059003680260222575,0.003124394197948277,0.011836758368768435,2.000517737865448,0.003333083213648553,0.42899952828884125,0.11919193264522199,0.2926136374473572,0.11407309985525284,0.0784767210483551,0.00867478613050527,-0.0821474116295576,0.01767721033417014,0.0,0.0,0.21953337788581848,0.1037485854555316,0.05165229775011539,0.017082500368934456,0.3208966046571732,0.06326337152158192,-0.08542239591479302,0.01916650961711347,0.0,0.0,0.14373134300112725,0.04884170107727947,0.055668758042156694,0.0185229798128601,0.32495946288108823,0.05588585633388582,20.95315715819597,3.6223343914462127,972f662c922f3f02355d79787c586293ea503c3c0736d55ac815c57e920a5b22
E4_adaptive_top3,1,871,0.8495981630309989,0.8455679625034465,0.8866938134928211,0.8296488946684005,0.7915632754342432,0.8995726495726496,0.2939159765839577,0.07098003469857976,0.1829654321074486,0.041015558577852496,0.21727346032857894,0.037759138867782566,1.0000033259391785,3.101707714115892e-06,0.6131462514400482,8.662404998377164e-07,-0.0001424430520273745,0.01788725472677142,2.0036123514175417,0.0023886538760405284,0.5063286006450654,0.0900681994968123,0.35774555504322053,0.1024749665382108,0.06775479316711426,0.02187256612423276,-0.00609633051790297,0.013654370832919515,1.9964886903762817,0.002683362102488674,0.5312215119600296,0.06412754676151057,0.34498432874679563,0.04151846661520652,0.07065779566764832,0.013252940708709436,-0.08483591452240943,0.02865691279899396,0.0,0.0,0.13409404829144478,0.05438324155501537,0.06201671957969666,0.022185573023377394,0.3606040716171265,0.07743973500011193,0.00047580705722793937,0.012645268094101025,1.999898648262024,0.0020814341044171456,0.34330022484064104,0.13844893743340958,0.23486808091402053,0.09149071363872724,0.08665318787097931,0.012990501544485012,-0.08599062711000442,0.025669201769759696,0.0,0.0,0.1372606310993433,0.08226268636202211,0.04823014698922634,0.026588246470807302,0.36491678059101107,0.07947676107770874,-0.08821693658828736,0.020844538310820743,0.0,0.0,0.11129081547260285,0.03604219425051388,0.049947752803564074,0.011531660136584524,0.3530541300773621,0.06948048838852953,18.446076304093005,3.9734681775457954,2920d1a2d1c5d32a82a360b076199906c5b1dcce2976f609794a649b4f24b965
E4_adaptive_top3,2,871,0.8346727898966705,0.8354700854700854,0.8759252189773282,0.8256658595641647,0.8461538461538461,0.8247863247863247,0.29316866099834443,0.07593788677491235,0.17099224850535394,0.03718624109533121,0.21927807927131654,0.047465154973589455,1.0000082492828368,5.874759361719511e-06,0.6131448745727539,1.6323404237781946e-06,0.004689929820597172,0.019208894160460486,1.8042295098304748,0.6339587459425114,0.49705139100551604,0.11743197462351244,0.3467541754245758,0.09550115317980447,0.059830191731452945,0.011721008045539449,-0.0007353521650657058,0.02263754118224814,1.9947569727897645,0.0030916251782898644,0.5139218688011169,0.14526975491579475,0.30592998638749125,0.09511994715406101,0.07555248737335205,0.018888294668540955,-0.06286860953550785,0.028039306770074532,0.2009108066558838,0.6353357555743099,0.15532727539539337,0.07512359273414718,0.05570794120430946,0.0257453536074628,0.3665645033121109,0.10463308198018136,0.002717031934298575,0.014857792911920664,1.800739336013794,0.63272551965111,0.34842718988656995,0.13111232407200699,0.21189916133880615,0.08769301017852726,0.0827698141336441,0.006583342676184923,-0.07382868472486734,0.029009380622480405,0.19936310052871703,0.6304414790638647,0.1366157650947571,0.06892105983515426,0.052246605046093464,0.021427479386226213,0.36527265310287477,0.10172242348508899,-0.07820155778899789,0.03288235202933333,0.0,0.0,0.10766837112605572,0.0453683523004542,0.05341562200337648,0.019591954860243874,0.36567884385585786,0.08349691751782476,18.27403597868979,5.081570529349704,3482fd1c35313837f9b4cdf339fe1875d374253e510d1b51c5562b21b7b7d154
E5_balanced_sparse_control,0,871,0.8553386911595867,0.8533223049352081,0.87260609531081,0.8409090909090909,0.826302729528536,0.8803418803418803,0.3521063655614853,0.044674846220815835,0.20612592101097107,0.03230788832786451,0.1479250818490982,0.024692926430845943,1.0,0.0,0.6131471991539001,0.0,nan,nan,1.2,1.0327955589886444,0.47749459743499756,0.03934930882785,0.3184626460075378,0.07462821163027347,0.08248331844806671,0.01651498985746801,nan,nan,0.8,1.0327955589886444,0.5034415870904922,0.024147237215093955,0.29622517973184587,0.029461384210942777,0.08452058136463166,0.010533113631912741,nan,nan,1.2,1.0327955589886444,0.3547708570957184,0.061690399465307695,0.20833333432674409,0.03139805451497384,0.20055710673332214,0.05433086943905787,nan,nan,0.8,1.0327955589886444,0.2878242164850235,0.06624072651953333,0.18593913242220877,0.04795328439138301,0.09452575743198395,0.009821860896296076,nan,nan,1.2,1.0327955589886444,0.23818196058273317,0.07949460069562751,0.1101031869649887,0.047731183524853435,0.2143006592988968,0.04692774312542469,nan,nan,0.8,1.0327955589886444,0.2509249269962311,0.04272552983467461,0.11769200712442399,0.02912820396714325,0.21116304397583008,0.04320751773336172,15.719274377077818,2.636977736551011,972f662c922f3f02355d79787c586293ea503c3c0736d55ac815c57e920a5b22
E5_balanced_sparse_control,1,871,0.8461538461538461,0.8428797904604356,0.8870702636211322,0.8277634961439589,0.7990074441687345,0.8867521367521367,0.3139992505311966,0.031558702186191584,0.1884556844830513,0.028517675426704962,0.16799304634332657,0.025447411484399222,1.0,0.0,0.6131471991539001,0.0,nan,nan,1.0,1.0540925533894598,0.4215987741947174,0.05404757635703584,0.2812826558947563,0.06025061180935883,0.08871411681175231,0.015508829539348882,nan,nan,1.0,1.0540925533894598,0.4471650063991547,0.04375382042371486,0.272015418112278,0.06376687049775276,0.10518617630004883,0.020610376105074713,nan,nan,1.0,1.0540925533894598,0.27081052511930465,0.058890471870297244,0.18020506724715232,0.041347385617656315,0.25047355592250825,0.06552686427837436,nan,nan,1.0,1.0540925533894598,0.29304729849100114,0.07081790724452285,0.16638584285974503,0.04494912305267096,0.0918320894241333,0.009986735978616058,nan,nan,1.0,1.0540925533894598,0.21771992444992067,0.043480408873996894,0.11426985338330269,0.03197550491929636,0.23780863583087922,0.04125060712133258,nan,nan,1.0,1.0540925533894598,0.23365388959646224,0.03181246936515189,0.11657523363828659,0.03206322560869878,0.2339436888694763,0.03748362989022398,17.303220877796413,3.123891139681119,2920d1a2d1c5d32a82a360b076199906c5b1dcce2976f609794a649b4f24b965
E5_balanced_sparse_control,2,871,0.8300803673938002,0.8286118003859939,0.8939205955334988,0.8150000000000001,0.8089330024813896,0.8482905982905983,0.36185527592897415,0.0942496756689223,0.22047849148511886,0.046254726836497236,0.14596993699669839,0.03886179216765438,1.0,0.0,0.6131471991539001,0.0,nan,nan,1.0,1.0540925533894598,0.4731603354215622,0.07660730866761535,0.33480929136276244,0.08609612936019587,0.0795557975769043,0.026824970918267434,nan,nan,1.0,1.0540925533894598,0.5045647323131561,0.05455039603928052,0.30658960044384004,0.042123521223604694,0.08440271019935608,0.017333987444565695,nan,nan,1.0,1.0540925533894598,0.3223305448889732,0.09903079508199156,0.20839210897684096,0.03246978752672828,0.20019068121910094,0.0611562349511797,nan,nan,1.0,1.0540925533894598,0.32575249671936035,0.11814979141724133,0.1855015680193901,0.0879503863163038,0.0928119421005249,0.011074239712463494,nan,nan,1.0,1.0540925533894598,0.2782735012471676,0.1557253859420445,0.1584247626364231,0.06390743161131528,0.20655578076839448,0.07614800345272783,nan,nan,1.0,1.0540925533894598,0.2670499786734581,0.07954686764268207,0.1291536070406437,0.02510592798109087,0.21230272054672242,0.058725916676054736,16.85602437108755,3.3402978931491956,3482fd1c35313837f9b4cdf339fe1875d374253e510d1b51c5562b21b7b7d154
